League;Stat;Next Match;Odds;Date;Resultado;Situacao;Target;Tipo_Estatistica;Tamanho_Streak;Local_Jogo;Probabilidade_Sucesso;Previsao_Modelo;Padrao_Identificado;Recomendacao;Analise_Detalhada
Liga de Expansión MX;CA La Paz have had Over 2.5 Match Goalsin their last 6 league matches;Home vs Cancún;1.53;2025-10-04 00:00:00;02/abr;FALSO;0.0;OVER_2.5;6;CASA;0.2806666666666667;FALSO;PADRAO_REGULAR;REGULAR;PADRAO REGULAR: Over 2.5 goals em 6 jogos (Odds: 1.53). Previsao: STREAK SERA INTERROMPIDO.
J League;Cerezo Osaka have had BTTS in their last 6 league matches;Away vs Nagoya Grampus;1.62;2025-10-04 01:30:00;02/jan;FALSO;0.0;BTTS;6;FORA;0.1366666666666667;FALSO;PADRAO_REGULAR;REGULAR;PADRAO REGULAR: Estatistica BTTS por 6 jogos (Odds: 1.62). Previsao: STREAK SERA INTERROMPIDO.
K League 1;Daegu have had Over 2.5 Match Goalsin their last 13 away league matches;Away vs Gwangju;1.85;2025-10-04 02:00:00;02/mar;FALSO;0.0;OVER_2.5;13;FORA;0.29;FALSO;PADRAO_REGULAR;REGULAR;PADRAO REGULAR: Over 2.5 goals em 13 jogos (Odds: 1.85). Previsao: STREAK SERA INTERROMPIDO.
1. Lig;Adana Demirspor have Lost their last 7 league matches;Away vs Pendikspor;1.05;2025-10-04 07:30:00;3-0;VERDADEIRO;1.0;DERROTA;7;FORA;0.7823809523809523;VERDADEIRO;PADRAO_FORTE;EXCELENTE;PADRAO FORTE: Streak de 7 derrotas consecutivas (Odds: 1.05). Previsao: MANTERA O STREAK.
1. Lig;Adana Demirspor have had Over 2.5 Match Goalsin their last 8 league matches;Away vs Pendikspor;1.17;2025-10-04 07:30:00;3-0;VERDADEIRO;1.0;OVER_2.5;8;FORA;0.6507142857142857;VERDADEIRO;PADRAO_SOLIDO;BOA;PADRAO SOLIDO: Over 2.5 goals em 8 jogos (Odds: 1.17). Previsao: MANTERA O STREAK.
Super League;Meizhou Hakka have had Over 2.5 Match Goalsin their last 12 home league matches;Home vs Qingdao Hainiu;1.66;2025-10-04 08:00:00;1-0;FALSO;0.0;OVER_2.5;12;CASA;0.09;FALSO;PADRAO_REGULAR;REGULAR;PADRAO REGULAR: Over 2.5 goals em 12 jogos (Odds: 1.66). Previsao: STREAK SERA INTERROMPIDO.
Bundesliga 2;Preußen Münster have had BTTS in their last 7 league matches;Away vs Hertha;1.67;2025-10-04 08:00:00;02/jan;FALSO;0.0;BTTS;7;FORA;0.5479999999999999;VERDADEIRO;PADRAO_REGULAR;REGULAR;PADRAO REGULAR: Estatistica BTTS por 7 jogos (Odds: 1.67). Previsao: MANTERA O STREAK.
Allsvenskan Women;Rosengard W have Lost their last 6 league matches;Away vs Malmö FF W;;2025-10-04 08:00:00;01/fev;FALSO;0.0;DERROTA;6;FORA;;DADOS_INSUFICIENTES;INDETERMINADO;N/A;Dados insuficientes para analise
Allsvenskan Women;Rosengard W have had Over 2.5 Match Goalsin their last 7 league matches;Away vs Malmö FF W;;2025-10-04 08:00:00;01/fev;FALSO;0.0;OVER_2.5;7;FORA;;DADOS_INSUFICIENTES;INDETERMINADO;N/A;Dados insuficientes para analise
Championship;Hull have had Over 2.5 Match Goalsin their last 7 league matches;Home vs Sheffield United;1.91;2025-10-04 08:30:00;1-0;FALSO;0.0;OVER_2.5;7;CASA;0.3883333333333333;FALSO;PADRAO_REGULAR;REGULAR;PADRAO REGULAR: Over 2.5 goals em 7 jogos (Odds: 1.91). Previsao: STREAK SERA INTERROMPIDO.
Super League;Shandong Taishan have Won their last 6 home league matches;Home vs Yunnan Yukun;1.37;2025-10-04 08:35:00;01/jan;FALSO;0.0;VITORIA;6;CASA;0.37333333333333335;FALSO;PADRAO_REGULAR;REGULAR;PADRAO REGULAR: Streak de 6 vitorias consecutivas (Odds: 1.37). Previsao: STREAK SERA INTERROMPIDO.
Super League;Shandong Taishan have had Over 2.5 Match Goalsin their last 6 home league matches;Home vs Yunnan Yukun;1.3;2025-10-04 08:35:00;01/jan;FALSO;0.0;OVER_2.5;6;CASA;0.4084999999999999;FALSO;PADRAO_REGULAR;REGULAR;PADRAO REGULAR: Over 2.5 goals em 6 jogos (Odds: 1.3). Previsao: STREAK SERA INTERROMPIDO.
Super League;Shandong Taishan have had Over 2.5 Match Goalsin their last 8 league matches;Home vs Yunnan Yukun;1.3;2025-10-04 08:35:00;01/jan;FALSO;0.0;OVER_2.5;8;CASA;0.25;FALSO;PADRAO_REGULAR;REGULAR;PADRAO REGULAR: Over 2.5 goals em 8 jogos (Odds: 1.3). Previsao: STREAK SERA INTERROMPIDO.
Super League;Yunnan Yukun have had BTTS in their last 11 league matches;Away vs Shandong Taishan;1.44;2025-10-04 08:35:00;01/jan;FALSO;0.0;BTTS;11;FORA;0.4225;FALSO;PADRAO_REGULAR;REGULAR;PADRAO REGULAR: Estatistica BTTS por 11 jogos (Odds: 1.44). Previsao: STREAK SERA INTERROMPIDO.
Super league;Dinamo Samarqand have had BTTS in their last 8 away league matches;Away vs Surkhon Termez;;2025-10-04 09:00:00;0-2;FALSO;0.0;BTTS;8;FORA;;DADOS_INSUFICIENTES;INDETERMINADO;N/A;Dados insuficientes para analise
3. Liga;Ulm have had BTTS in their last 7 league matches;Away vs Ingolstadt;1.5;2025-10-04 09:00:00;04/jan;FALSO;0.0;BTTS;7;FORA;0.2;FALSO;PADRAO_REGULAR;REGULAR;PADRAO REGULAR: Estatistica BTTS por 7 jogos (Odds: 1.5). Previsao: STREAK SERA INTERROMPIDO.
Tweede Divisie;ACV have Lost their last 6 league matches;Home vs Barendrecht;2.2;2025-10-04 09:30:00;;VERDADEIRO;1.0;DERROTA;6;CASA;0.7;VERDADEIRO;PADRAO_SOLIDO;BOA;PADRAO SOLIDO: Streak de 6 derrotas consecutivas (Odds: 2.2). Previsao: MANTERA O STREAK.
Tweede Divisie;HHC have Won their last 7 league matches;Home vs Jong Sparta;1.53;2025-10-04 09:30:00;0-2;FALSO;0.0;VITORIA;7;CASA;0.18;FALSO;PADRAO_REGULAR;REGULAR;PADRAO REGULAR: Streak de 7 vitorias consecutivas (Odds: 1.53). Previsao: STREAK SERA INTERROMPIDO.
Vysshaya Liga;Dinamo Minsk have had BTTS in their last 6 league matches;Away vs Molodechno-DYuSSh 4;;2025-10-04 09:45:00;01/mar;FALSO;0.0;BTTS;6;FORA;;DADOS_INSUFICIENTES;INDETERMINADO;N/A;Dados insuficientes para analise
Vysshaya Liga;Dinamo Minsk have had Over 2.5 Match Goalsin their last 7 league matches;Away vs Molodechno-DYuSSh 4;;2025-10-04 09:45:00;01/mar;FALSO;0.0;OVER_2.5;7;FORA;;DADOS_INSUFICIENTES;INDETERMINADO;N/A;Dados insuficientes para analise
Serie B;Catanzaro haveDrewtheir last 6 league matches;Away vs Monza;3.5;2025-10-04 10:00:00;02/jan;FALSO;0.0;EMPATE;6;FORA;0.095;FALSO;PADRAO_REGULAR;REGULAR;PADRAO REGULAR: Estatistica EMPATE por 6 jogos (Odds: 3.5). Previsao: STREAK SERA INTERROMPIDO.
Czech Liga;Karviná have had BTTS in their last 7 league matches;Away vs Pardubice;1.67;2025-10-04 10:00:00;02/jan;FALSO;0.0;BTTS;7;FORA;0.5479999999999999;VERDADEIRO;PADRAO_REGULAR;REGULAR;PADRAO REGULAR: Estatistica BTTS por 7 jogos (Odds: 1.67). Previsao: MANTERA O STREAK.
Czech Liga;Karviná have had Over 2.5 Match Goalsin their last 7 league matches;Away vs Pardubice;1.8;2025-10-04 10:00:00;02/jan;FALSO;0.0;OVER_2.5;7;FORA;0.585;VERDADEIRO;PADRAO_REGULAR;REGULAR;PADRAO REGULAR: Over 2.5 goals em 7 jogos (Odds: 1.8). Previsao: MANTERA O STREAK.
Iceland Besta Deildin;Afturelding have had BTTS in their last 14 league matches;Away vs KR Reykjavík;1.36;2025-10-04 11:00:00;02/fev;FALSO;0.0;BTTS;14;FORA;0.3433333333333334;FALSO;PADRAO_REGULAR;REGULAR;PADRAO REGULAR: Estatistica BTTS por 14 jogos (Odds: 1.36). Previsao: STREAK SERA INTERROMPIDO.
Iceland Besta Deildin;Afturelding have had BTTS in their last 7 away league matches;Away vs KR Reykjavík;1.36;2025-10-04 11:00:00;02/fev;FALSO;0.0;BTTS;7;FORA;0.235;FALSO;PADRAO_REGULAR;REGULAR;PADRAO REGULAR: Estatistica BTTS por 7 jogos (Odds: 1.36). Previsao: STREAK SERA INTERROMPIDO.
Allsvenskan Women;Alingsås W have Lost their last 6 league matches;Home vs Häcken W;;2025-10-04 11:00:00;0-2;VERDADEIRO;1.0;DERROTA;6;CASA;;DADOS_INSUFICIENTES;INDETERMINADO;N/A;Dados insuficientes para analise
Scottish League 2;Dumbarton have had BTTS in their last 8 league matches;Away vs Stirling;1.57;2025-10-04 11:00:00;02/fev;FALSO;0.0;BTTS;8;FORA;0.06;FALSO;PADRAO_REGULAR;REGULAR;PADRAO REGULAR: Estatistica BTTS por 8 jogos (Odds: 1.57). Previsao: STREAK SERA INTERROMPIDO.
Scottish League 1;East Fife have had BTTS in their last 6 league matches;Home vs Cove Rangers;1.73;2025-10-04 11:00:00;2-0;FALSO;0.0;BTTS;6;CASA;0.82;VERDADEIRO;PADRAO_FORTISSIMO;EXCELENTE;PADRAO FORTISSIMO: Estatistica BTTS por 6 jogos (Odds: 1.73). Previsao: MANTERA O STREAK.
Scottish League 2;Edinburgh City have had BTTS in their last 8 league matches;Away vs Spartans;1.67;2025-10-04 11:00:00;;FALSO;0.0;BTTS;8;FORA;0.3914285714285714;FALSO;PADRAO_REGULAR;REGULAR;PADRAO REGULAR: Estatistica BTTS por 8 jogos (Odds: 1.67). Previsao: STREAK SERA INTERROMPIDO.
National League;Halifax have had Over 2.5 Match Goalsin their last 6 league matches;Home vs Brackley Town;2.15;2025-10-04 11:00:00;2-0;FALSO;0.0;OVER_2.5;6;CASA;0.249;FALSO;PADRAO_REGULAR;REGULAR;PADRAO REGULAR: Over 2.5 goals em 6 jogos (Odds: 2.15). Previsao: STREAK SERA INTERROMPIDO.
Allsvenskan Women;Häcken W have Won their last 7 away league matches;Away vs Alingsås W;;2025-10-04 11:00:00;0-2;VERDADEIRO;1.0;VITORIA;7;FORA;;DADOS_INSUFICIENTES;INDETERMINADO;N/A;Dados insuficientes para analise
Allsvenskan Women;Häcken W have had Over 2.5 Match Goalsin their last 6 away league matches;Away vs Alingsås W;;2025-10-04 11:00:00;0-2;FALSO;0.0;OVER_2.5;6;FORA;;DADOS_INSUFICIENTES;INDETERMINADO;N/A;Dados insuficientes para analise
Norwegian 1. Division;Hødd have had BTTS in their last 8 away league matches;Away vs Lillestrøm;2.0;2025-10-04 11:00:00;0-4;FALSO;0.0;BTTS;8;FORA;0.034761904761904765;FALSO;PADRAO_REGULAR;REGULAR;PADRAO REGULAR: Estatistica BTTS por 8 jogos (Odds: 2.0). Previsao: STREAK SERA INTERROMPIDO.
Norwegian 1. Division;Kongsvinger have had BTTS in their last 9 league matches;Home vs Skeid;1.62;2025-10-04 11:00:00;3-0;FALSO;0.0;BTTS;9;CASA;0.04;FALSO;PADRAO_REGULAR;REGULAR;PADRAO REGULAR: Estatistica BTTS por 9 jogos (Odds: 1.62). Previsao: STREAK SERA INTERROMPIDO.
Northern Ireland Premiership;Larne have Won their last 6 league matches;Away vs Dungannon Swifts;1.9;2025-10-04 11:00:00;;FALSO;0.0;VITORIA;6;FORA;0.2888809523809524;FALSO;PADRAO_REGULAR;REGULAR;PADRAO REGULAR: Streak de 6 vitorias consecutivas (Odds: 1.9). Previsao: STREAK SERA INTERROMPIDO.
Norwegian 1. Division;Lillestrøm have Won their last 11 league matches;Home vs Hødd;1.17;2025-10-04 11:00:00;0-4;FALSO;0.0;VITORIA;11;CASA;0.17;FALSO;PADRAO_REGULAR;REGULAR;PADRAO REGULAR: Streak de 11 vitorias consecutivas (Odds: 1.17). Previsao: STREAK SERA INTERROMPIDO.
Norwegian 1. Division;Lillestrøm have had Over 2.5 Match Goalsin their last 7 league matches;Home vs Hødd;1.36;2025-10-04 11:00:00;0-4;VERDADEIRO;1.0;OVER_2.5;7;CASA;0.45;FALSO;PADRAO_REGULAR;REGULAR;PADRAO REGULAR: Over 2.5 goals em 7 jogos (Odds: 1.36). Previsao: STREAK SERA INTERROMPIDO.
Norwegian 1. Division;Mjøndalen IF have had Over 2.5 Match Goalsin their last 6 away league matches;Away vs Åsane;1.65;2025-10-04 11:00:00;02/mar;FALSO;0.0;OVER_2.5;6;FORA;0.41666666666666674;FALSO;PADRAO_REGULAR;REGULAR;PADRAO REGULAR: Over 2.5 goals em 6 jogos (Odds: 1.65). Previsao: STREAK SERA INTERROMPIDO.
National League;Morecambe have had Over 2.5 Match Goalsin their last 7 league matches;Away vs Tamworth;1.53;2025-10-04 11:00:00;01/jan;FALSO;0.0;OVER_2.5;7;FORA;0.62;VERDADEIRO;PADRAO_SOLIDO;BOA;PADRAO SOLIDO: Over 2.5 goals em 7 jogos (Odds: 1.53). Previsao: MANTERA O STREAK.
Scottish League 1;Peterhead have had Over 2.5 Match Goalsin their last 6 league matches;Away vs Kelty Hearts;1.8;2025-10-04 11:00:00;01/fev;FALSO;0.0;OVER_2.5;6;FORA;0.49249999999999994;FALSO;PADRAO_REGULAR;REGULAR;PADRAO REGULAR: Over 2.5 goals em 6 jogos (Odds: 1.8). Previsao: STREAK SERA INTERROMPIDO.
Norwegian 1. Division;Raufoss have had Over 2.5 Match Goalsin their last 8 away league matches;Away vs IK Start;1.53;2025-10-04 11:00:00;4-0;VERDADEIRO;1.0;OVER_2.5;8;FORA;0.25;FALSO;PADRAO_REGULAR;REGULAR;PADRAO REGULAR: Over 2.5 goals em 8 jogos (Odds: 1.53). Previsao: STREAK SERA INTERROMPIDO.
Scottish Championship;Ross County have had BTTS in their last 6 league matches;Home vs Raith R vs;1.83;2025-10-04 11:00:00;2-0;FALSO;0.0;BTTS;6;CASA;0.05;FALSO;PADRAO_REGULAR;REGULAR;PADRAO REGULAR: Estatistica BTTS por 6 jogos (Odds: 1.83). Previsao: STREAK SERA INTERROMPIDO.
Norwegian Eliteserien;Sandefjord have had Over 2.5 Match Goalsin their last 9 league matches;Home vs Bryne;1.67;2025-10-04 11:00:00;1-0;FALSO;0.0;OVER_2.5;9;CASA;0.19;FALSO;PADRAO_REGULAR;REGULAR;PADRAO REGULAR: Over 2.5 goals em 9 jogos (Odds: 1.67). Previsao: STREAK SERA INTERROMPIDO.
Norwegian 1. Division;Sogndal have had BTTS in their last 11 league matches;Away vs Aalesunds FK;1.67;2025-10-04 11:00:00;2-0;FALSO;0.0;BTTS;11;FORA;0.44;FALSO;PADRAO_REGULAR;REGULAR;PADRAO REGULAR: Estatistica BTTS por 11 jogos (Odds: 1.67). Previsao: STREAK SERA INTERROMPIDO.
Meistriliiga;Tallinna Kalev have Lost their last 7 league matches;Home vs Trans;1.38;2025-10-04 11:00:00;;VERDADEIRO;1.0;DERROTA;7;CASA;0.7883333333333333;VERDADEIRO;PADRAO_FORTE;EXCELENTE;PADRAO FORTE: Streak de 7 derrotas consecutivas (Odds: 1.38). Previsao: MANTERA O STREAK.
National League;Truro City have Lost their last 6 away league matches;Away vs Woking;2.05;2025-10-04 11:00:00;;FALSO;0.0;DERROTA;6;FORA;0.6016666666666667;VERDADEIRO;PADRAO_SOLIDO;BOA;PADRAO SOLIDO: Streak de 6 derrotas consecutivas (Odds: 2.05). Previsao: MANTERA O STREAK.
Segunda Liga;Portimonense SAD have had BTTS in their last 6 league matches;Home vs União de Leiria;1.73;2025-10-04 11:30:00;;VERDADEIRO;1.0;BTTS;6;CASA;0.82;VERDADEIRO;PADRAO_FORTISSIMO;EXCELENTE;PADRAO FORTISSIMO: Estatistica BTTS por 6 jogos (Odds: 1.73). Previsao: MANTERA O STREAK.
Bundesliga;WSG Tirol have had BTTS in their last 7 league matches;Away vs SV Ried;1.8;2025-10-04 12:00:00;2-0;FALSO;0.0;BTTS;7;FORA;0.13;FALSO;PADRAO_REGULAR;REGULAR;PADRAO REGULAR: Estatistica BTTS por 7 jogos (Odds: 1.8). Previsao: STREAK SERA INTERROMPIDO.
Ekstraklasa;Zaglebie Lubin have had Over 2.5 Match Goalsin their last 6 league matches;Away vs Radomiak Radom;1.85;2025-10-04 12:30:00;03/jan;FALSO;0.0;OVER_2.5;6;FORA;0.563;VERDADEIRO;PADRAO_REGULAR;REGULAR;PADRAO REGULAR: Over 2.5 goals em 6 jogos (Odds: 1.85). Previsao: MANTERA O STREAK.
Meistriliiga;Flora have had Over 2.5 Match Goalsin their last 8 league matches;Away vs Harju Jalgpallikool;1.5;2025-10-04 13:00:00;01/fev;FALSO;0.0;OVER_2.5;8;FORA;0.17;FALSO;PADRAO_REGULAR;REGULAR;PADRAO REGULAR: Over 2.5 goals em 8 jogos (Odds: 1.5). Previsao: STREAK SERA INTERROMPIDO.
Meistriliiga;Harju Jalgpallikool have had Over 2.5 Match Goalsin their last 8 league matches;Home vs Flora;1.5;2025-10-04 13:00:00;01/fev;FALSO;0.0;OVER_2.5;8;CASA;0.17;FALSO;PADRAO_REGULAR;REGULAR;PADRAO REGULAR: Over 2.5 goals em 8 jogos (Odds: 1.5). Previsao: STREAK SERA INTERROMPIDO.
1. HNL;Slaven Koprivnica have had Over 2.5 Match Goalsin their last 7 league matches;Home vs Osijek;1.85;2025-10-04 13:00:00;;VERDADEIRO;1.0;OVER_2.5;7;CASA;0.86;VERDADEIRO;PADRAO_FORTISSIMO;EXCELENTE;PADRAO FORTISSIMO: Over 2.5 goals em 7 jogos (Odds: 1.85). Previsao: MANTERA O STREAK.
Northern Ireland Premiership;Glenavon have Lost their last 9 league matches;Away vs Portadown;1.9;2025-10-04 13:30:00;;VERDADEIRO;1.0;DERROTA;9;FORA;0.585;VERDADEIRO;PADRAO_REGULAR;REGULAR;PADRAO REGULAR: Streak de 9 derrotas consecutivas (Odds: 1.9). Previsao: MANTERA O STREAK.
Northern Ireland Premiership;Portadown have had Over 2.5 Match Goalsin their last 6 league matches;Home vs Glenavon;1.95;2025-10-04 13:30:00;;VERDADEIRO;1.0;OVER_2.5;6;CASA;0.5196666666666665;VERDADEIRO;PADRAO_REGULAR;REGULAR;PADRAO REGULAR: Over 2.5 goals em 6 jogos (Odds: 1.95). Previsao: MANTERA O STREAK.
Turkish Super Lig;Galatasaray have Won their last 7 league matches;Home vs Besiktas;1.56;2025-10-04 14:00:00;01/jan;FALSO;0.0;VITORIA;7;CASA;0.11;FALSO;PADRAO_REGULAR;REGULAR;PADRAO REGULAR: Streak de 7 vitorias consecutivas (Odds: 1.56). Previsao: STREAK SERA INTERROMPIDO.
Serie B;Cesena have had BTTS in their last 6 league matches;Home vs Reggiana;2.0;2025-10-04 14:30:00;01/fev;FALSO;0.0;BTTS;6;CASA;0.10166666666666666;FALSO;PADRAO_REGULAR;REGULAR;PADRAO REGULAR: Estatistica BTTS por 6 jogos (Odds: 2.0). Previsao: STREAK SERA INTERROMPIDO.
Premier League;HFX Wanderers have had Over 2.5 Match Goalsin their last 6 home league matches;Home vs York9;1.8;2025-10-04 15:00:00;;FALSO;0.0;OVER_2.5;6;CASA;0.49249999999999994;FALSO;PADRAO_REGULAR;REGULAR;PADRAO REGULAR: Over 2.5 goals em 6 jogos (Odds: 1.8). Previsao: STREAK SERA INTERROMPIDO.
Primera Division;Los Chankas have had BTTS in their last 10 home league matches;Home vs Cusco FC;1.67;2025-10-04 15:00:00;;VERDADEIRO;1.0;BTTS;10;CASA;0.63;VERDADEIRO;PADRAO_SOLIDO;BOA;PADRAO SOLIDO: Estatistica BTTS por 10 jogos (Odds: 1.67). Previsao: MANTERA O STREAK.
Swiss Super League;Grasshopper have had BTTS in their last 7 league matches;Home vs Zürich;1.53;2025-10-04 15:30:00;3-0;FALSO;0.0;BTTS;7;CASA;0.17;FALSO;PADRAO_REGULAR;REGULAR;PADRAO REGULAR: Estatistica BTTS por 7 jogos (Odds: 1.53). Previsao: STREAK SERA INTERROMPIDO.
US MLS;Nashville SC (MLS)have Lost their last 6 away league matches;Away vs CF Montréal;3.3;2025-10-04 15:30:00;;FALSO;0.0;DERROTA;6;FORA;0.3866666666666667;FALSO;PADRAO_REGULAR;REGULAR;PADRAO REGULAR: Streak de 6 derrotas consecutivas (Odds: 3.3). Previsao: STREAK SERA INTERROMPIDO.
Fortuna Liga;Žilina have had Over 2.5 Match Goalsin their last 7 league matches;Home vs FK Košice;1.53;2025-10-04 15:30:00;;VERDADEIRO;1.0;OVER_2.5;7;CASA;0.62;VERDADEIRO;PADRAO_SOLIDO;BOA;PADRAO SOLIDO: Over 2.5 goals em 7 jogos (Odds: 1.53). Previsao: MANTERA O STREAK.
Colombia Primera A;Envigado haveDrewtheir last 6 home league matches;Home vs Atlético Bucaramanga;3.2;2025-10-04 16:00:00;;FALSO;0.0;EMPATE;6;CASA;0.095;FALSO;PADRAO_REGULAR;REGULAR;PADRAO REGULAR: Estatistica EMPATE por 6 jogos (Odds: 3.2). Previsao: STREAK SERA INTERROMPIDO.
Iceland Besta Deildin;Valur have had BTTS in their last 7 home league matches;Home vs Stjarnan;1.36;2025-10-04 17:00:00;03/fev;FALSO;0.0;BTTS;7;CASA;0.235;FALSO;PADRAO_REGULAR;REGULAR;PADRAO REGULAR: Estatistica BTTS por 7 jogos (Odds: 1.36). Previsao: STREAK SERA INTERROMPIDO.
Premier League;Forge have Won their last 6 home league matches;Home vs Vancouver FC;1.27;2025-10-04 17:30:00;;FALSO;0.0;VITORIA;6;CASA;0.235;FALSO;PADRAO_REGULAR;REGULAR;PADRAO REGULAR: Streak de 6 vitorias consecutivas (Odds: 1.27). Previsao: STREAK SERA INTERROMPIDO.
USL Championship;Loudoun United have had BTTS in their last 7 league matches;Home vs Birmingham Legion;1.61;2025-10-04 18:00:00;;FALSO;0.0;BTTS;7;CASA;0.12;FALSO;PADRAO_REGULAR;REGULAR;PADRAO REGULAR: Estatistica BTTS por 7 jogos (Odds: 1.61). Previsao: STREAK SERA INTERROMPIDO.
USL Championship;Loudoun United have had Over 2.5 Match Goalsin their last 7 league matches;Home vs Birmingham Legion;1.61;2025-10-04 18:00:00;;FALSO;0.0;OVER_2.5;7;CASA;0.16;FALSO;PADRAO_REGULAR;REGULAR;PADRAO REGULAR: Over 2.5 goals em 7 jogos (Odds: 1.61). Previsao: STREAK SERA INTERROMPIDO.
Serie A;Bragantino have had BTTS in their last 6 home league matches;Home vs Grêmio;1.91;2025-10-04 18:30:00;1-0;FALSO;0.0;BTTS;6;CASA;0.06;FALSO;PADRAO_REGULAR;REGULAR;PADRAO REGULAR: Estatistica BTTS por 6 jogos (Odds: 1.91). Previsao: STREAK SERA INTERROMPIDO.
Serie A;Bragantino have had BTTS in their last 6 league matches;Home vs Grêmio;1.91;2025-10-04 18:30:00;1-0;FALSO;0.0;BTTS;6;CASA;0.06;FALSO;PADRAO_REGULAR;REGULAR;PADRAO REGULAR: Estatistica BTTS por 6 jogos (Odds: 1.91). Previsao: STREAK SERA INTERROMPIDO.
Serie A;Internacional RS have had BTTS in their last 11 league matches;Home vs Botafogo FR;1.95;2025-10-04 18:30:00;;FALSO;0.0;BTTS;11;CASA;0.18;FALSO;PADRAO_REGULAR;REGULAR;PADRAO REGULAR: Estatistica BTTS por 11 jogos (Odds: 1.95). Previsao: STREAK SERA INTERROMPIDO.
Serie A;Internacional RS have had BTTS in their last 6 home league matches;Home vs Botafogo FR;1.95;2025-10-04 18:30:00;;FALSO;0.0;BTTS;6;CASA;0.12166666666666666;FALSO;PADRAO_REGULAR;REGULAR;PADRAO REGULAR: Estatistica BTTS por 6 jogos (Odds: 1.95). Previsao: STREAK SERA INTERROMPIDO.
Primera Division;Platense have had BTTS in their last 6 league matches;Away vs Atlético Tucumán;2.25;2025-10-04 19:00:00;2-0;FALSO;0.0;BTTS;6;FORA;0.10333333333333332;FALSO;PADRAO_REGULAR;REGULAR;PADRAO REGULAR: Estatistica BTTS por 6 jogos (Odds: 2.25). Previsao: STREAK SERA INTERROMPIDO.
Honduras Liga Nacional;Olancho have had BTTS in their last 8 league matches;Away vs Victoria;;2025-10-04 20:15:00;02/fev;FALSO;0.0;BTTS;8;FORA;;DADOS_INSUFICIENTES;INDETERMINADO;N/A;Dados insuficientes para analise
US MLS;Orlando City SC have had BTTS in their last 13 league matches;Home vs Columbus Crew;1.44;2025-10-04 20:30:00;;VERDADEIRO;1.0;BTTS;13;CASA;0.66;VERDADEIRO;PADRAO_SOLIDO;BOA;PADRAO SOLIDO: Estatistica BTTS por 13 jogos (Odds: 1.44). Previsao: MANTERA O STREAK.
US MLS;Orlando City SC have had BTTS in their last 7 home league matches;Home vs Columbus Crew;1.44;2025-10-04 20:30:00;;VERDADEIRO;1.0;BTTS;7;CASA;0.76;VERDADEIRO;PADRAO_FORTE;EXCELENTE;PADRAO FORTE: Estatistica BTTS por 7 jogos (Odds: 1.44). Previsao: MANTERA O STREAK.
US MLS;Sporting KC have had Over 2.5 Match Goalsin their last 8 away league matches;Away vs Minnesota United;1.44;2025-10-04 21:30:00;;VERDADEIRO;1.0;OVER_2.5;8;FORA;0.62;VERDADEIRO;PADRAO_SOLIDO;BOA;PADRAO SOLIDO: Over 2.5 goals em 8 jogos (Odds: 1.44). Previsao: MANTERA O STREAK.
US MLS;Toronto haveDrewtheir last 7 league matches;Away vs Chicago Fire;4.33;2025-10-04 21:30:00;;VERDADEIRO;1.0;EMPATE;7;FORA;0.49766666666666665;FALSO;PADRAO_REGULAR;REGULAR;PADRAO REGULAR: Estatistica EMPATE por 7 jogos (Odds: 4.33). Previsao: STREAK SERA INTERROMPIDO.
Liga de Expansión MX;Dorados have Lost their last 6 league matches;Away vs Universidad Guadalajara;1.45;2025-10-04 22:00:00;2-0;VERDADEIRO;1.0;DERROTA;6;FORA;0.78;VERDADEIRO;PADRAO_FORTE;EXCELENTE;PADRAO FORTE: Streak de 6 derrotas consecutivas (Odds: 1.45). Previsao: MANTERA O STREAK.
Liga de Expansión MX;Jaiba Brava have had BTTS in their last 6 league matches;Home vs Mineros de Zacatecas;;2025-10-04 22:00:00;;VERDADEIRO;1.0;BTTS;6;CASA;;DADOS_INSUFICIENTES;INDETERMINADO;N/A;Dados insuficientes para analise
US MLS;Colorado Rapids have had Over 2.5 Match Goalsin their last 9 away league matches;Away vs Real Salt Lake;1.53;2025-10-04 22:30:00;;FALSO;0.0;OVER_2.5;9;FORA;0.19;FALSO;PADRAO_REGULAR;REGULAR;PADRAO REGULAR: Over 2.5 goals em 9 jogos (Odds: 1.53). Previsao: STREAK SERA INTERROMPIDO.
US NWSL;Bay FC W have had BTTS in their last 7 away league matches;Away vs Portland Thorns W;;2025-10-04 23:00:00;;VERDADEIRO;1.0;BTTS;7;FORA;;DADOS_INSUFICIENTES;INDETERMINADO;N/A;Dados insuficientes para analise
USL Championship;Orange County have had BTTS in their last 6 league matches;Home vs El Paso Locomotive;1.66;2025-10-04 23:00:00;;FALSO;0.0;BTTS;6;CASA;0.45666666666666667;FALSO;PADRAO_REGULAR;REGULAR;PADRAO REGULAR: Estatistica BTTS por 6 jogos (Odds: 1.66). Previsao: STREAK SERA INTERROMPIDO.
USL Championship;Orange County have had Over 2.5 Match Goalsin their last 11 home league matches;Home vs El Paso Locomotive;1.8;2025-10-04 23:00:00;;FALSO;0.0;OVER_2.5;11;CASA;0.16;FALSO;PADRAO_REGULAR;REGULAR;PADRAO REGULAR: Over 2.5 goals em 11 jogos (Odds: 1.8). Previsao: STREAK SERA INTERROMPIDO.
US MLS;Seattle Sounders FC have had BTTS in their last 6 home league matches;Home vs Portland Timbers;1.57;2025-10-04 23:30:00;;FALSO;0.0;BTTS;6;CASA;0.11666666666666668;FALSO;PADRAO_REGULAR;REGULAR;PADRAO REGULAR: Estatistica BTTS por 6 jogos (Odds: 1.57). Previsao: STREAK SERA INTERROMPIDO.
J League 2;Sagan Tosu have had BTTS in their last 6 league matches;Away vs Renofa Yamaguchi;1.91;2025-10-05 02:00:00;01/fev;VERDADEIRO;1.0;BTTS;6;FORA;0.06;FALSO;PADRAO_REGULAR;REGULAR;PADRAO REGULAR: Estatistica BTTS por 6 jogos (Odds: 1.91). Previsao: STREAK SERA INTERROMPIDO.
Premier League;Gazovik Orenburg have had BTTS in their last 6 league matches;Home vs Rostov;;2025-10-05 06:00:00;;FALSO;0.0;BTTS;6;CASA;;DADOS_INSUFICIENTES;INDETERMINADO;N/A;Dados insuficientes para analise
Premier League;Gazovik Orenburg have had Over 2.5 Match Goalsin their last 6 league matches;Home vs Rostov;;2025-10-05 06:00:00;;FALSO;0.0;OVER_2.5;6;CASA;;DADOS_INSUFICIENTES;INDETERMINADO;N/A;Dados insuficientes para analise
Swedish Superettan;Utsikten have had Over 2.5 Match Goalsin their last 6 league matches;Away vs Oddevold;1.8;2025-10-05 08:00:00;;FALSO;0.0;OVER_2.5;6;FORA;0.49249999999999994;FALSO;PADRAO_REGULAR;REGULAR;PADRAO REGULAR: Over 2.5 goals em 6 jogos (Odds: 1.8). Previsao: STREAK SERA INTERROMPIDO.
League One;Chongqing Tongliang Long have had Over 2.5 Match Goalsin their last 6 away league matches;Away vs Guangxi Baoyun;1.9;2025-10-05 08:30:00;01/fev;VERDADEIRO;1.0;OVER_2.5;6;FORA;0.5693809523809522;VERDADEIRO;PADRAO_REGULAR;REGULAR;PADRAO REGULAR: Over 2.5 goals em 6 jogos (Odds: 1.9). Previsao: MANTERA O STREAK.
Meistriliiga;Levadia have had BTTS in their last 8 league matches;Home vs Tammeka;2.2;2025-10-05 08:30:00;6-0;FALSO;0.0;BTTS;8;CASA;0.03333333333333333;FALSO;PADRAO_REGULAR;REGULAR;PADRAO REGULAR: Estatistica BTTS por 8 jogos (Odds: 2.2). Previsao: STREAK SERA INTERROMPIDO.
Meistriliiga;Levadia have had Over 2.5 Match Goalsin their last 8 league matches;Home vs Tammeka;1.28;2025-10-05 08:30:00;6-0;VERDADEIRO;1.0;OVER_2.5;8;CASA;0.62;VERDADEIRO;PADRAO_SOLIDO;BOA;PADRAO SOLIDO: Over 2.5 goals em 8 jogos (Odds: 1.28). Previsao: MANTERA O STREAK.
League One;Shenzhen Juniors have had Over 2.5 Match Goalsin their last 9 league matches;Away vs Guangzhou E-Power;;2025-10-05 08:30:00;;FALSO;0.0;OVER_2.5;9;FORA;;DADOS_INSUFICIENTES;INDETERMINADO;N/A;Dados insuficientes para analise
Allsvenskan Women;Brommapojkarna W have had BTTS in their last 8 league matches;Away vs Linkoping W;;2025-10-05 09:00:00;;VERDADEIRO;1.0;BTTS;8;FORA;;DADOS_INSUFICIENTES;INDETERMINADO;N/A;Dados insuficientes para analise
Allsvenskan Women;Brommapojkarna W have had Over 2.5 Match Goalsin their last 8 league matches;Away vs Linkoping W;;2025-10-05 09:00:00;;VERDADEIRO;1.0;OVER_2.5;8;FORA;;DADOS_INSUFICIENTES;INDETERMINADO;N/A;Dados insuficientes para analise
Liga 1;CFR Cluj have had BTTS in their last 7 league matches;Home vs Hermannstadt;2.0;2025-10-05 09:00:00;02/jan;VERDADEIRO;1.0;BTTS;7;CASA;0.12833333333333333;FALSO;PADRAO_REGULAR;REGULAR;PADRAO REGULAR: Estatistica BTTS por 7 jogos (Odds: 2.0). Previsao: STREAK SERA INTERROMPIDO.
Allsvenskan Women;Linkoping W have had Over 2.5 Match Goalsin their last 6 league matches;Home vs Brommapojkarna W;;2025-10-05 09:00:00;;VERDADEIRO;1.0;OVER_2.5;6;CASA;;DADOS_INSUFICIENTES;INDETERMINADO;N/A;Dados insuficientes para analise
Allsvenskan Women;Linkoping W have had Over 2.5 Match Goalsin their last 7 home league matches;Home vs Brommapojkarna W;;2025-10-05 09:00:00;;VERDADEIRO;1.0;OVER_2.5;7;CASA;;DADOS_INSUFICIENTES;INDETERMINADO;N/A;Dados insuficientes para analise
Premier League;Dynamo Kyiv have had BTTS in their last 6 league matches;Home vs Metalist 1925 Kharkiv;;2025-10-05 09:30:00;01/jan;VERDADEIRO;1.0;BTTS;6;CASA;;DADOS_INSUFICIENTES;INDETERMINADO;N/A;Dados insuficientes para analise
Premier League;Dynamo Kyiv have had Over 2.5 Match Goalsin their last 6 league matches;Home vs Metalist 1925 Kharkiv;;2025-10-05 09:30:00;01/jan;FALSO;0.0;OVER_2.5;6;CASA;;DADOS_INSUFICIENTES;INDETERMINADO;N/A;Dados insuficientes para analise
Swedish Superettan;Falkenbergs FF have had Over 2.5 Match Goalsin their last 6 league matches;Away vs Orebro SK;1.67;2025-10-05 10:00:00;;VERDADEIRO;1.0;OVER_2.5;6;FORA;0.7975;VERDADEIRO;PADRAO_FORTE;EXCELENTE;PADRAO FORTE: Over 2.5 goals em 6 jogos (Odds: 1.67). Previsao: MANTERA O STREAK.
Allsvenskan Women;Pitea W have Lost their last 6 home league matches;Home vs Djurgarden W;;2025-10-05 10:00:00;;FALSO;0.0;DERROTA;6;CASA;;DADOS_INSUFICIENTES;INDETERMINADO;N/A;Dados insuficientes para analise
Allsvenskan Women;Pitea W have had Over 2.5 Match Goalsin their last 7 home league matches;Home vs Djurgarden W;;2025-10-05 10:00:00;;FALSO;0.0;OVER_2.5;7;CASA;;DADOS_INSUFICIENTES;INDETERMINADO;N/A;Dados insuficientes para analise
Allsvenskan Women;Växjö W have had Over 2.5 Match Goalsin their last 7 away league matches;Away vs Norrköping W;;2025-10-05 10:00:00;;FALSO;0.0;OVER_2.5;7;FORA;;DADOS_INSUFICIENTES;INDETERMINADO;N/A;Dados insuficientes para analise
Allsvenskan Women;Växjö W have had Over 2.5 Match Goalsin their last 9 league matches;Away vs Norrköping W;;2025-10-05 10:00:00;;FALSO;0.0;OVER_2.5;9;FORA;;DADOS_INSUFICIENTES;INDETERMINADO;N/A;Dados insuficientes para analise
Super Liga;Čukarički have had BTTS in their last 8 league matches;Home vs Javor Ivanjica;2.0;2025-10-05 10:30:00;;FALSO;0.0;BTTS;8;CASA;0.034761904761904765;FALSO;PADRAO_REGULAR;REGULAR;PADRAO REGULAR: Estatistica BTTS por 8 jogos (Odds: 2.0). Previsao: STREAK SERA INTERROMPIDO.
Superliga;AGF Aarhus have Won their last 7 league matches;Home vs Silkeborg IF;1.49;2025-10-05 11:00:00;;VERDADEIRO;1.0;VITORIA;7;CASA;0.73;VERDADEIRO;PADRAO_FORTE;BOA;PADRAO FORTE: Streak de 7 vitorias consecutivas (Odds: 1.49). Previsao: MANTERA O STREAK.
First Division B;SK Beveren have Won their last 8 league matches;Away vs Kortrijk;2.55;2025-10-05 11:00:00;01/mar;VERDADEIRO;1.0;VITORIA;8;FORA;0.13;FALSO;PADRAO_REGULAR;REGULAR;PADRAO REGULAR: Streak de 8 vitorias consecutivas (Odds: 2.55). Previsao: STREAK SERA INTERROMPIDO.
Swedish Allsvenskan;IK Sirius have had Over 2.5 Match Goalsin their last 6 league matches;Home vs Malmö FF;1.67;2025-10-05 11:30:00;;VERDADEIRO;1.0;OVER_2.5;6;CASA;0.7975;VERDADEIRO;PADRAO_FORTE;EXCELENTE;PADRAO FORTE: Over 2.5 goals em 6 jogos (Odds: 1.67). Previsao: MANTERA O STREAK.
Norwegian 1. Division;Moss have had BTTS in their last 7 league matches;Away vs Lyn;1.62;2025-10-05 12:00:00;4-0;FALSO;0.0;BTTS;7;FORA;0.16;FALSO;PADRAO_REGULAR;REGULAR;PADRAO REGULAR: Estatistica BTTS por 7 jogos (Odds: 1.62). Previsao: STREAK SERA INTERROMPIDO.
Norwegian Eliteserien;Strømsgodset IF have had Over 2.5 Match Goalsin their last 6 league matches;Home vs KFUM;1.95;2025-10-05 12:00:00;;FALSO;0.0;OVER_2.5;6;CASA;0.5196666666666665;VERDADEIRO;PADRAO_REGULAR;REGULAR;PADRAO REGULAR: Over 2.5 goals em 6 jogos (Odds: 1.95). Previsao: MANTERA O STREAK.
1. Liga;Miedź Legnica have had Over 2.5 Match Goalsin their last 7 away league matches;Away vs Górnik Łęczna;1.73;2025-10-05 12:30:00;;FALSO;0.0;OVER_2.5;7;FORA;0.655;VERDADEIRO;PADRAO_SOLIDO;BOA;PADRAO SOLIDO: Over 2.5 goals em 7 jogos (Odds: 1.73). Previsao: MANTERA O STREAK.
Superliga;FC København have had BTTS in their last 7 league matches;Home vs Midtjylland;1.7;2025-10-05 13:00:00;;VERDADEIRO;1.0;BTTS;7;CASA;0.81;VERDADEIRO;PADRAO_FORTISSIMO;EXCELENTE;PADRAO FORTISSIMO: Estatistica BTTS por 7 jogos (Odds: 1.7). Previsao: MANTERA O STREAK.
Segunda Division;Santander have had BTTS in their last 7 league matches;Home vs Malaga;1.8;2025-10-05 13:30:00;3-0;FALSO;0.0;BTTS;7;CASA;0.13;FALSO;PADRAO_REGULAR;REGULAR;PADRAO REGULAR: Estatistica BTTS por 7 jogos (Odds: 1.8). Previsao: STREAK SERA INTERROMPIDO.
Segunda Division;Santander have had Over 2.5 Match Goalsin their last 7 league matches;Home vs Malaga;1.85;2025-10-05 13:30:00;3-0;VERDADEIRO;1.0;OVER_2.5;7;CASA;0.86;VERDADEIRO;PADRAO_FORTISSIMO;EXCELENTE;PADRAO FORTISSIMO: Over 2.5 goals em 7 jogos (Odds: 1.85). Previsao: MANTERA O STREAK.
Segunda Liga;Benfica II have had BTTS in their last 6 league matches;Home vs Penafiel;1.8;2025-10-05 14:00:00;;FALSO;0.0;BTTS;6;CASA;0.1;FALSO;PADRAO_REGULAR;REGULAR;PADRAO REGULAR: Estatistica BTTS por 6 jogos (Odds: 1.8). Previsao: STREAK SERA INTERROMPIDO.
Super Liga;Crvena Zvezda have Won their last 8 league matches;Away vs Napredak;1.18;2025-10-05 14:00:00;0-3;VERDADEIRO;1.0;VITORIA;8;FORA;0.4957142857142857;FALSO;PADRAO_REGULAR;REGULAR;PADRAO REGULAR: Streak de 8 vitorias consecutivas (Odds: 1.18). Previsao: STREAK SERA INTERROMPIDO.
Eredivisie;NEC Nijmegen have had Over 2.5 Match Goalsin their last 7 league matches;Away vs Go Ahead Eagles;1.44;2025-10-05 15:00:00;01/jan;FALSO;0.0;OVER_2.5;7;FORA;0.64;VERDADEIRO;PADRAO_SOLIDO;BOA;PADRAO SOLIDO: Over 2.5 goals em 7 jogos (Odds: 1.44). Previsao: MANTERA O STREAK.
1. SNL;Celje have had Over 2.5 Match Goalsin their last 6 away league matches;Away vs Radomlje;1.4;2025-10-05 15:15:00;0-3;VERDADEIRO;1.0;OVER_2.5;6;FORA;0.7048333333333333;VERDADEIRO;PADRAO_FORTE;BOA;PADRAO FORTE: Over 2.5 goals em 6 jogos (Odds: 1.4). Previsao: MANTERA O STREAK.
1. SNL;Celje have had Over 2.5 Match Goalsin their last 8 league matches;Away vs Radomlje;1.4;2025-10-05 15:15:00;0-3;VERDADEIRO;1.0;OVER_2.5;8;FORA;0.69;VERDADEIRO;PADRAO_SOLIDO;BOA;PADRAO SOLIDO: Over 2.5 goals em 8 jogos (Odds: 1.4). Previsao: MANTERA O STREAK.
Primera B Nacional;Talleres Remedios de Escalada have Lost their last 6 away league matches;Away vs Almirante Brown;1.81;2025-10-05 15:30:00;02/jan;VERDADEIRO;1.0;DERROTA;6;FORA;0.6833333333333332;VERDADEIRO;PADRAO_SOLIDO;BOA;PADRAO SOLIDO: Streak de 6 derrotas consecutivas (Odds: 1.81). Previsao: MANTERA O STREAK.
La Liga;Celta have had BTTS in their last 6 league matches;Home vs Ath Madrid;1.75;2025-10-05 16:00:00;01/jan;VERDADEIRO;1.0;BTTS;6;CASA;0.82;VERDADEIRO;PADRAO_FORTISSIMO;EXCELENTE;PADRAO FORTISSIMO: Estatistica BTTS por 6 jogos (Odds: 1.75). Previsao: MANTERA O STREAK.
Iceland Besta Deildin;Víkingur Reykjavík have had BTTS in their last 10 home league matches;Home vs FH;1.61;2025-10-05 16:15:00;;FALSO;0.0;BTTS;10;CASA;0.16;FALSO;PADRAO_REGULAR;REGULAR;PADRAO REGULAR: Estatistica BTTS por 10 jogos (Odds: 1.61). Previsao: STREAK SERA INTERROMPIDO.
Iceland Besta Deildin;Víkingur Reykjavík have had Over 2.5 Match Goalsin their last 11 home league matches;Home vs FH;1.44;2025-10-05 16:15:00;;FALSO;0.0;OVER_2.5;11;CASA;0.13;FALSO;PADRAO_REGULAR;REGULAR;PADRAO REGULAR: Over 2.5 goals em 11 jogos (Odds: 1.44). Previsao: STREAK SERA INTERROMPIDO.
Venezuela Primera Division;Yaracuyanos have Lost their last 7 away league matches;Away vs Estudiantes Mérida;1.33;2025-10-05 16:30:00;0-2;FALSO;0.0;DERROTA;7;FORA;0.43166666666666664;FALSO;PADRAO_REGULAR;REGULAR;PADRAO REGULAR: Streak de 7 derrotas consecutivas (Odds: 1.33). Previsao: STREAK SERA INTERROMPIDO.
US NWSL;Chicago Red Stars W have had BTTS in their last 8 home league matches;Home vs Utah Royals W;;2025-10-05 17:00:00;;VERDADEIRO;1.0;BTTS;8;CASA;;DADOS_INSUFICIENTES;INDETERMINADO;N/A;Dados insuficientes para analise
Portugese Liga NOS;Porto have Won their last 7 league matches;Home vs Benfica;1.86;2025-10-05 17:15:00;0-0;FALSO;0.0;VITORIA;7;CASA;0.545;VERDADEIRO;PADRAO_REGULAR;REGULAR;PADRAO REGULAR: Streak de 7 vitorias consecutivas (Odds: 1.86). Previsao: MANTERA O STREAK.
Colombia Primera B;Leones FC have Lost their last 6 league matches;Away vs Cúcuta Deportivo;1.25;2025-10-05 18:00:00;;VERDADEIRO;1.0;DERROTA;6;FORA;0.674047619047619;VERDADEIRO;PADRAO_SOLIDO;BOA;PADRAO SOLIDO: Streak de 6 derrotas consecutivas (Odds: 1.25). Previsao: MANTERA O STREAK.
Primera Division;Peñarol have Won their last 10 home league matches;Home vs Danubio;1.45;2025-10-05 18:00:00;;VERDADEIRO;1.0;VITORIA;10;CASA;0.73;VERDADEIRO;PADRAO_FORTE;BOA;PADRAO FORTE: Streak de 10 vitorias consecutivas (Odds: 1.45). Previsao: MANTERA O STREAK.
Premier League;Cavalry have had Over 2.5 Match Goalsin their last 7 league matches;Away vs Pacific;1.75;2025-10-05 19:00:00;;VERDADEIRO;1.0;OVER_2.5;7;FORA;0.755;VERDADEIRO;PADRAO_FORTE;EXCELENTE;PADRAO FORTE: Over 2.5 goals em 7 jogos (Odds: 1.75). Previsao: MANTERA O STREAK.
Serie B;Athletico PR have Won their last 7 league matches;Away vs Atlético GO;2.65;2025-10-05 20:30:00;;FALSO;0.0;VITORIA;7;FORA;0.1433333333333333;FALSO;PADRAO_REGULAR;REGULAR;PADRAO REGULAR: Streak de 7 vitorias consecutivas (Odds: 2.65). Previsao: STREAK SERA INTERROMPIDO.
Swedish Superettan;Varbergs BoIS have had BTTS in their last 7 league matches;Away vs Landskrona;1.67;2025-10-06 14:01:00;;;-1.0;BTTS;7;FORA;;DADOS_INSUFICIENTES;INDETERMINADO;N/A;Dados insuficientes para analise
Swedish Superettan;Örgryte have Won their last 7 away league matches;Away vs Sandviken;1.75;2025-10-06 14:00:00;;;-1.0;VITORIA;7;FORA;;DADOS_INSUFICIENTES;INDETERMINADO;N/A;Dados insuficientes para analise
Primera Division;Deportivo Riestra have Won their last 6 home league matches;Home vs Vélez Sarsfield;3.25;2025-10-06 19:00:00;;;-1.0;VITORIA;6;CASA;;DADOS_INSUFICIENTES;INDETERMINADO;N/A;Dados insuficientes para analise
