League,Stat,Next Match,Odds,Date,Resultado,Situacao
Superliga,FC Kobenhavn have had BTTS in their last 9 league matches,Home vs Viborg FF,0-0,26/10/2025 14:00,,FALSO
Bolivia Primera Division,Always Ready have Won their last 7 home league matches,Home vs Wilstermann,"1,05",21/09/2025 18:15,'2-0,VERDADEIRO
"Norwegian 1, Division",Lillestrom have Won their last 9 league matches,Home vs Mjondalen IF,"1,1",20/09/2025 11:00,,VERDADEIRO
Northern Ireland Premiership,Glenavon have Lost their last 7 league matches,Away vs Linfield,"1,3",20/09/2025 11:00,,VERDADEIRO
Super League,Shanghai Port have had BTTS in their last 9 league matches,Away vs Beijing Guoan,"1,33",21/09/2025 07:00,,VERDADEIRO
Super League,Shanghai Port have had BTTS in their last 7 away league matches,Away vs Beijing Guoan,"1,33",21/09/2025 07:00,,VERDADEIRO
"1, SNL","Celje have had Over 2,5 Match Goals in their last 6 league matches",Away vs Primorje,"1,44",21/09/2025 15:15,'2-3,FALSO
"Norwegian 1, Division","Raufoss have had Over 2,5 Match Goals in their last 7 away league matches",Away vs Stabaek Fotball,"1,48",21/09/2025 12:00,'3-0,VERDADEIRO
Norwegian Eliteserien,"Viking FK have had Over 2,5 Match Goals in their last 6 league matches",Home vs Molde FK,"1,48",21/09/2025 14:15,'1-0,FALSO
Iceland Besta Deildin,Vestri have had BTTS in their last 6 league matches,Home vs IA,"1,5",20/09/2025 13:05,'0-4,FALSO
Norwegian Eliteserien,Viking FK have had BTTS in their last 6 league matches,Home vs Molde FK,"1,5",21/09/2025 14:15,'1-0,FALSO
"Norwegian 1, Division",Kongsvinger have had BTTS in their last 7 league matches,Home vs Egersund,"1,5",21/09/2025 12:00,'2-1,VERDADEIRO
Norwegian Eliteserien,Sandefjord have had BTTS in their last 6 league matches,Home vs SK Brann,"1,5",20/09/2025 11:00,'0-3,FALSO
"3, Liga",Verl have had BTTS in their last 6 league matches,Home vs Energie Cottbus,"1,5",21/09/2025 11:30,'2-1,VERDADEIRO
"Norwegian 1, Division",Raufoss have had BTTS in their last 10 away league matches,Away vs Stabaek Fotball,"1,5",21/09/2025 12:00,'3-0,FALSO
"Norwegian 1, Division",Sogndal have had BTTS in their last 9 league matches,Away vs Lyn,"1,53",21/09/2025 12:00,'2-1,FALSO
Swedish Superettan,Brage have had BTTS in their last 7 home league matches,Home vs Orebro SK,"1,53",20/09/2025 10:00,,VERDADEIRO
Norwegian Eliteserien,"Sandefjord have had Over 2,5 Match Goals in their last 7 league matches",Home vs SK Brann,"1,53",20/09/2025 11:00,'0-3,VERDADEIRO
OTP Bank Liga,"Paksi SE have had Over 2,5 Match Goals in their last 6 league matches",Away vs Nyiregyhaza Spartacus,"1,53",20/09/2025 11:00,,FALSO
"3, Liga",Ingolstadt have had BTTS in their last 6 league matches,Home vs Wehen,"1,53",20/09/2025 09:00,'0-0,FALSO
Super League,"Shandong Taishan have had Over 2,5 Match Goals in their last 7 league matches",Away vs Qingdao Hainiu,"1,53",20/09/2025 09:00,'2-2,FALSO
Primera Division,"Los Chankas have had Over 2,5 Match Goals in their last 7 league matches",Away vs Melgar,"1,53",21/09/2025 15:00,'1-0,FALSO
Scottish League 2,Dumbarton have had BTTS in their last 6 league matches,Away vs East Kilbride,"1,53",20/09/2025 11:00,'1-1,VERDADEIRO
Czech Liga,"Mlada Boleslav have had Over 2,5 Match Goals in their last 7 league matches",Home vs Banik Ostrava,"1,57",21/09/2025 13:30,'1-1,FALSO
Ekstraklasa,Zaglebie Lubin have had BTTS in their last 6 league matches,Home vs Motor Lublin,"1,57",21/09/2025 07:15,'2-2,VERDADEIRO
Swedish Superettan,"Brage have had Over 2,5 Match Goals in their last 7 home league matches",Home vs Orebro SK,"1,6",20/09/2025 10:00,,VERDADEIRO
J League,Kawasaki Frontale have had BTTS in their last 7 home league matches,Home vs FC Tokyo,"1,62",20/09/2025 07:00,'0-1,FALSO
US MLS,Houston Dynamo have had BTTS in their last 7 league matches,Home vs Portland Timbers,"1,62",20/09/2025 21:30,,FALSO
Scottish League 2,Edinburgh City have had BTTS in their last 6 league matches,Away vs Clyde,"1,62",20/09/2025 11:00,,VERDADEIRO
Super League,"Meizhou Hakka have had Over 2,5 Match Goals in their last 11 home league matches",Home vs Qingdao West Coast,"1,62",20/09/2025 08:35,'1-2,FALSO
Ekstraklasa,Lech Poznań have had BTTS in their last 6 league matches,Away vs Nieciecza,"1,62",20/09/2025 12:30,'0-2,FALSO
J League,"Kawasaki Frontale have had Over 2,5 Match Goals in their last 7 home league matches",Home vs FC Tokyo,"1,65",20/09/2025 07:00,'0-1,FALSO
J League,Shonan Bellmare have Lost their last 6 away league matches,Away vs Nagoya Grampus,"1,66",20/09/2025 05:00,'3-1,FALSO
"3, Liga",Rot-Weiss Essen have had BTTS in their last 6 league matches,Home vs Hansa Rostock,"1,67",20/09/2025 09:00,,FALSO
K League 1,"Daegu have had Over 2,5 Match Goals in their last 12 away league matches",Away vs Daejeon Citizen,"1,67",20/09/2025 07:00,'3-2,FALSO
Bundesliga,"FC Salzburg have had Over 2,5 Match Goals in their last 6 league matches",Home vs SK Sturm Graz,"1,67",20/09/2025 12:00,'0-2,FALSO
K League 1,Suwon have had BTTS in their last 13 league matches,Home vs Gangwon,"1,67",21/09/2025 04:30,,FALSO
K League 1,Suwon have had BTTS in their last 6 home league matches,Home vs Gangwon,"1,67",21/09/2025 04:30,,FALSO
Scottish League 2,"Edinburgh City have had Over 2,5 Match Goals in their last 6 league matches",Away vs Clyde,"1,7",20/09/2025 11:00,,VERDADEIRO
USL Championship,Birmingham Legion have had BTTS in their last 6 league matches,Away vs Indy Eleven,"1,72",21/09/2025 18:00,,FALSO
USL Championship,Birmingham Legion have had BTTS in their last 8 away league matches,Away vs Indy Eleven,"1,72",21/09/2025 18:00,,FALSO
Super Liga,Crvena Zvezda have Won their last 6 league matches,Away vs Partizan,"1,75",20/09/2025 14:00,'1-2,FALSO
League One,Bradford have had BTTS in their last 6 league matches,Away vs Cardiff,"1,75",20/09/2025 11:00,'1-3,VERDADEIRO
K League 1,"Suwon have had Over 2,5 Match Goals in their last 12 league matches",Home vs Gangwon,"1,8",21/09/2025 04:30,,FALSO
National League,Scunthorpe have had BTTS in their last 8 league matches,Home vs Truro City,"1,8",20/09/2025 11:00,'4-0,FALSO
Czech Liga,Pardubice have had BTTS in their last 7 league matches,Home vs Slovacko,"1,8",20/09/2025 10:00,'1-1,VERDADEIRO
Swedish Allsvenskan,"Elfsborg have had Over 2,5 Match Goals in their last 7 league matches",Away vs GAIS,"1,8",20/09/2025 10:00,,FALSO
K League 1,"Suwon have had Over 2,5 Match Goals in their last 6 home league matches",Home vs Gangwon,"1,8",21/09/2025 04:30,,FALSO
"Norwegian 1, Division",Skeid have had BTTS in their last 8 away league matches,Away vs Aalesunds FK,"1,83",20/09/2025 11:00,'3-0,FALSO
J League 2,Mito Hollyhock have had BTTS in their last 6 league matches,Away vs Iwaki,"1,83",20/09/2025 06:00,'0-0,FALSO
J League 2,Consadole Sapporo have had BTTS in their last 7 away league matches,Away vs Tokushima Vortis,"1,83",20/09/2025 07:00,'1-2,FALSO
League One,Stockport have had BTTS in their last 7 league matches,Away vs Rotherham,"1,91",20/09/2025 11:00,'0-1,FALSO
1. Lig,Adana Demirspor have Lost their last 9 league matches,Home vs Van BB,1.04,25/10/2025 07:30,'2-4,VERDADEIRO
Super Liga,Crvena Zvezda have Won their last 9 league matches,Home vs IMT Novi Beograd,1.07,19/10/2025 14:30,'6-1,VERDADEIRO
1. Lig,Adana Demirspor have Lost their last 6 league matches,Home vs Sarıyer,1.11,29/09/2025 14:00,'0-3,VERDADEIRO
1. Lig,Adana Demirspor have Lost their last 6 league matches,Home vs Sarıyer,1.11,28/09/2024 08:30,'0-3,VERDADEIRO
1. Lig,Adana Demirspor have had Over 2.5 Match Goals in their last 10 league matches,Home vs Van BB,1.13,25/10/2025 07:30,'2-4,VERDADEIRO
Allsvenskan Women,Hammarby W have Won their last 10 home league matches,Home vs AIK W,1.16,03/10/2025 14:00,,VERDADEIRO
Liga MX,Toluca have Won their last 6 league matches,Home vs Queretaro,1.17,18/10/2025 20:00,'4-0,VERDADEIRO
Norwegian 1. Division,Lillestrom have Won their last 11 league matches,Home vs Hodd,1.17,04/10/2025 11:00,'0-4,VERDADEIRO
Eerste Divisie,Den Haag have Won their last 9 league matches,Home vs FC Den Bosch,1.17,25/10/2025 11:30,'2-1,VERDADEIRO
Super Liga,Crvena Zvezda have Won their last 8 league matches,Away vs Napredak,1.18,05/10/2025 14:00,'0-3,VERDADEIRO
Bolivia Primera Division,Always Ready have Won their last 8 home league matches,Home vs Real Oruro,1.19,29/09/2025 18:30,'4-0,VERDADEIRO
Bolivia Primera Division,Always Ready have Won their last 8 home league matches,Home vs Real Oruro,1.19,28/09/2024 11:00,'4-0,VERDADEIRO
Liga MX,Cruz Azul have Won their last 7 league matches,Home vs Queretaro,1.19,24/09/2025 21:00,'2-2,FALSO
Super Liga,Crvena Zvezda have Won their last 7 league matches,Home vs Radnički Kragujevac,1.2,28/09/2024 14:00,'2-1,FALSO
Super Liga,Crvena Zvezda have Won their last 10 league matches,Away vs Radnički Niš,1.2,26/10/2025 13:00,'0-0,FALSO
Super Liga,Crvena Zvezda have had Over 2.5 Match Goals in their last 6 league matches,Home vs IMT Novi Beograd,1.2,19/10/2025 14:30,'6-1,VERDADEIRO
Super Liga,Crvena Zvezda have Won their last 7 league matches,Home vs Radnički Kragujevac,1.2,28/09/2025 14:00,'0-2,FALSO
Bundesliga,FC Bayern Munchen have Won their last 7 league matches,Away vs Borussia Monchengladbach,1.22,25/10/2025 10:30,'0-3,VERDADEIRO
Serie A,SE Palmeiras have Won their last 7 home league matches,Home vs Juventude,1.22,11/10/2025 19:00,'4-1,VERDADEIRO
Colombia Primera B,Leones FC have Lost their last 6 league matches,Away vs Cucuta Deportivo,1.25,05/10/2025 18:00,,VERDADEIRO
Finnish Ykkosliiga,SJK Akatemia have had Over 2.5 Match Goals in their last 8 away league matches,Away vs Klubi-04,1.25,24/09/2025 14:00,'1-4,VERDADEIRO
Meistriliiga,Tallinna Kalev have Lost their last 9 league matches,Home vs Nomme Kalju,1.25,22/10/2025 12:00,'0-2,VERDADEIRO
Premier League,Forge have Won their last 6 home league matches,Home vs Vancouver FC,1.27,04/10/2025 17:30,,FALSO
Finnish Ykkosliiga,SJK Akatemia have had BTTS in their last 8 away league matches,Away vs Klubi-04,1.28,24/09/2025 14:00,'1-4,VERDADEIRO
Finnish Ykkosliiga,SJK Akatemia have had BTTS in their last 6 league matches,Away vs Klubi-04,1.28,24/09/2025 14:00,'1-4,VERDADEIRO
Finnish Ykkosliiga,SJK Akatemia have had Over 2.5 Match Goals in their last 9 away league matches,Away vs FC Lahti,1.28,03/10/2025 12:30,'3-0,VERDADEIRO
Super League,Beijing Guoan have had Over 2.5 Match Goals in their last 6 home league matches,Home vs Qingdao Hainiu,1.28,26/10/2025 08:35,'2-4,VERDADEIRO
Meistriliiga,Levadia have had Over 2.5 Match Goals in their last 8 league matches,Home vs Tammeka,1.28,05/10/2025 08:30,'6-0,VERDADEIRO
Bundesliga,FC Bayern Munchen have had Over 2.5 Match Goals in their last 7 league matches,Away vs Borussia Monchengladbach,1.29,25/10/2025 10:30,'0-3,VERDADEIRO
Norwegian 1. Division,Lillestrom have Won their last 7 home league matches,Home vs Ranheim,1.29,25/10/2025 11:00,'2-1,VERDADEIRO
Norwegian 1. Division,Lillestrom have Won their last 14 league matches,Home vs Ranheim,1.29,25/10/2025 11:00,'2-1,VERDADEIRO
La Liga,FC Barcelona have had Over 2.5 Match Goals in their last 6 league matches,Away vs Real Madrid,1.3,26/10/2025 12:15,'2-1,VERDADEIRO
First Division B,SK Beveren have Won their last 7 league matches,Home vs RFC Seraing,1.3,27/09/2025 15:00,'0-2,FALSO
Eerste Divisie,Den Haag have Won their last 7 league matches,Home vs FC Dordrecht,1.3,17/10/2025 15:00,'3-0,VERDADEIRO
Bolivia Primera Division,The Strongest have Won their last 9 home league matches,Home vs Oriente Petrolero,1.3,28/09/2024 11:00,'2-0,VERDADEIRO
Super League,Shandong Taishan have had Over 2.5 Match Goals in their last 8 league matches,Home vs Yunnan Yukun,1.3,04/10/2025 08:35,'1-1,FALSO
Bolivia Primera Division,The Strongest have had Over 2.5 Match Goals in their last 8 home league matches,Home vs Oriente Petrolero,1.3,29/09/2025 16:00,'2-0,FALSO
Bolivia Primera Division,The Strongest have had Over 2.5 Match Goals in their last 8 home league matches,Home vs Oriente Petrolero,1.3,28/09/2024 08:00,'2-0,FALSO
Super League,Shandong Taishan have had Over 2.5 Match Goals in their last 6 home league matches,Home vs Yunnan Yukun,1.3,04/10/2025 08:35,'1-1,FALSO
Super League,Wuhan Three Towns have had Over 2.5 Match Goals in their last 7 away league matches,Away vs Shanghai Port,1.3,26/09/2025 09:00,'3-3,VERDADEIRO
Super League,Shanghai Port have had BTTS in their last 12 league matches,Away vs Shandong Taishan,1.3,26/10/2025 04:30,'3-1,VERDADEIRO
Super League,Shanghai Port have had BTTS in their last 9 away league matches,Away vs Shandong Taishan,1.3,26/10/2025 04:30,'3-1,VERDADEIRO
Super League,Shanghai Port have had Over 2.5 Match Goals in their last 9 away league matches,Away vs Shandong Taishan,1.3,26/10/2025 04:30,'3-1,VERDADEIRO
Bolivia Primera Division,The Strongest have Won their last 9 home league matches,Home vs Oriente Petrolero,1.3,29/09/2025 16:00,'2-0,VERDADEIRO
Portugese Liga NOS,Porto have Won their last 6 league matches,Away vs Arouca,1.33,29/09/2025 16:00,'0-4,VERDADEIRO
Finnish Ykkosliiga,SJK Akatemia have had BTTS in their last 7 league matches,Home vs JaPS,1.33,28/09/2024 11:00,'1-1,FALSO
Finnish Ykkosliiga,SJK Akatemia have had BTTS in their last 7 league matches,Home vs JaPS,1.33,28/09/2025 11:00,'0-1,FALSO
Venezuela Primera Division,Yaracuyanos have Lost their last 7 away league matches,Away vs Estudiantes Merida,1.33,05/10/2025 16:30,'0-2,FALSO
Liga MX,Toluca have had Over 2.5 Match Goals in their last 6 league matches,Home vs Queretaro,1.33,18/10/2025 20:00,'4-0,VERDADEIRO
Eerste Divisie,Den Haag have had Over 2.5 Match Goals in their last 7 league matches,Home vs FC Den Bosch,1.33,25/10/2025 11:30,'2-1,VERDADEIRO
Portugese Liga NOS,Porto have Won their last 6 league matches,Away vs Arouca,1.33,28/09/2024 11:00,'0-4,VERDADEIRO
Iceland Besta Deildin,Afturelding have had BTTS in their last 7 away league matches,Away vs KR Reykjavik,1.36,04/10/2025 11:00,'2-2,VERDADEIRO
Norwegian 1. Division,Lillestrom have had Over 2.5 Match Goals in their last 7 league matches,Home vs Hodd,1.36,04/10/2025 11:00,'0-4,VERDADEIRO
Iceland Besta Deildin,Valur have had BTTS in their last 7 home league matches,Home vs Stjarnan,1.36,04/10/2025 16:15,'3-2,VERDADEIRO
Eerste Divisie,Graafschap have had BTTS in their last 6 league matches,Away vs SC Cambuur,1.36,11/10/2025 16:00,'2-0,FALSO
Iceland Besta Deildin,Valur have had BTTS in their last 7 home league matches,Home vs Stjarnan,1.36,04/10/2025 16:15,'3-3,VERDADEIRO
Finnish Veikkausliiga,HJK have had Over 2.5 Match Goals in their last 8 home league matches,Home vs Gnistan,1.36,03/10/2025 13:00,,VERDADEIRO
1. Lig,Adana Demirspor have had Over 2.5 Match Goals in their last 6 league matches,Away vs Sivasspor,1.36,25/09/2025 11:00,'5-0,VERDADEIRO
Serie A,SE Palmeiras have Won their last 8 home league matches,Home vs Bragantino,1.36,15/10/2025 19:00,'5-1,VERDADEIRO
Iceland Besta Deildin,Afturelding have had BTTS in their last 14 league matches,Away vs KR Reykjavik,1.36,04/10/2025 11:00,'2-2,VERDADEIRO
1. Lig,Adana Demirspor have had Over 2.5 Match Goals in their last 7 league matches,Home vs Sarıyer,1.36,29/09/2025 14:00,'0-3,VERDADEIRO
US MLS,Sporting KC have had Over 2.5 Match Goals in their last 7 away league matches,Away vs LA Galaxy,1.36,27/09/2025 23:30,'0-0,FALSO
US MLS,Sporting KC have had Over 2.5 Match Goals in their last 7 away league matches,Away vs LA Galaxy,1.36,27/09/2025 23:30,,VERDADEIRO
US MLS,SJ Earthquakes have had Over 2.5 Match Goals in their last 6 away league matches,Away vs San Diego,1.36,27/09/2025 23:30,,FALSO
Super Liga,Crvena Zvezda have had Over 2.5 Match Goals in their last 7 league matches,Away vs Radnički Niš,1.36,26/10/2025 13:00,'0-0,FALSO
US MLS,LA Galaxy have had Over 2.5 Match Goals in their last 6 home league matches,Home vs Sporting KC,1.36,27/09/2025 23:30,,VERDADEIRO
US MLS,SJ Earthquakes have had Over 2.5 Match Goals in their last 10 league matches,Away vs San Diego,1.36,27/09/2025 23:30,,FALSO
Norwegian 1. Division,Lillestrom have had Over 2.5 Match Goals in their last 7 home league matches,Home vs Ranheim,1.36,25/10/2025 11:00,'2-1,VERDADEIRO
Norwegian 1. Division,Lillestrom have had Over 2.5 Match Goals in their last 10 league matches,Home vs Ranheim,1.36,25/10/2025 11:00,'2-1,VERDADEIRO
1. Lig,Adana Demirspor have had Over 2.5 Match Goals in their last 7 league matches,Home vs Sarıyer,1.36,28/09/2024 10:00,'0-3,VERDADEIRO
Super League,Shandong Taishan have Won their last 6 home league matches,Home vs Yunnan Yukun,1.37,04/10/2025 08:35,'1-1,FALSO
Meistriliiga,Tallinna Kalev have Lost their last 7 league matches,Home vs Trans,1.38,04/10/2025 11:00,'1-3,VERDADEIRO
Serie A,SE Palmeiras have Won their last 7 home league matches,Home vs Bragantino,1.38,15/10/2025 19:00,'5-1,VERDADEIRO
Turkish Super Lig,Galatasaray have Won their last 6 league matches,Away vs Alanyaspor,1.39,26/09/2025 14:00,'0-1,VERDADEIRO
Norwegian 1. Division,Kongsvinger have had BTTS in their last 9 away league matches,Away vs Lyn,1.4,25/10/2025 11:00,'0-1,FALSO
Iceland Besta Deildin,KA Akureyri have had BTTS in their last 6 league matches,Away vs IBV,1.4,25/10/2025 09:00,'3-4,VERDADEIRO
J League,Cerezo Osaka have had BTTS in their last 8 league matches,Home vs Kawasaki Frontale,1.4,25/10/2025 03:00,'2-0,FALSO
Iceland Besta Deildin,Stjarnan have had BTTS in their last 7 league matches,Home vs FH,1.4,21/09/2025 16:15,'0-0,FALSO
3. Liga,Energie Cottbus have had Over 2.5 Match Goals in their last 7 league matches,Home vs Havelse,1.4,25/10/2025 09:00,'4-3,VERDADEIRO
1. SNL,Celje have had Over 2.5 Match Goals in their last 8 league matches,Away vs Radomlje,1.4,05/10/2025 15:15,'0-3,VERDADEIRO
US MLS,SJ Earthquakes have had BTTS in their last 8 away league matches,Away vs San Diego,1.4,27/09/2025 23:30,,FALSO
US MLS,SJ Earthquakes have had BTTS in their last 15 league matches,Away vs San Diego,1.4,27/09/2025 23:30,,FALSO
Eredivisie,NEC Nijmegen have had Over 2.5 Match Goals in their last 7 league matches,Away vs Go Ahead Eagles,1.4,05/10/2025 15:00,'1-1,FALSO
1. SNL,Celje have had Over 2.5 Match Goals in their last 6 away league matches,Away vs Radomlje,1.4,05/10/2025 15:15,'0-3,VERDADEIRO
Norwegian 1. Division,Lillestrom have Won their last 6 home league matches,Home vs Lyn,1.42,17/10/2025 14:00,'5-1,VERDADEIRO
Norwegian 1. Division,Lillestrom have Won their last 12 league matches,Home vs Lyn,1.42,17/10/2025 14:00,'5-1,VERDADEIRO
Iceland Besta Deildin,Vikingur Reykjavik have had Over 2.5 Match Goals in their last 11 home league matches,Home vs FH,1.44,05/10/2025 16:15,,FALSO
Finnish Veikkausliiga,HJK have had BTTS in their last 10 home league matches,Home vs FC Inter Turku,1.44,26/10/2025 12:00,'1-1,FALSO
Eredivisie,NEC Nijmegen have had Over 2.5 Match Goals in their last 7 league matches,Away vs Go Ahead Eagles,1.44,05/10/2025 15:00,'0-1,FALSO
US MLS,Orlando City SC have had BTTS in their last 7 home league matches,Home vs Columbus Crew,1.44,04/10/2025 20:30,,VERDADEIRO
Bundesliga,Augsburg have had BTTS in their last 7 league matches,Home vs RB Leipzig,1.44,25/10/2025 10:30,'0-6,FALSO
Iceland Besta Deildin,Afturelding have had BTTS in their last 16 league matches,Away vs IA,1.44,25/10/2025 11:00,'1-0,FALSO
Iceland Besta Deildin,Afturelding have had BTTS in their last 13 league matches,Home vs KA Akureyri,1.44,28/09/2024 13:00,'3-2,FALSO
Iceland Besta Deildin,Afturelding have had BTTS in their last 6 home league matches,Home vs KA Akureyri,1.44,28/09/2025 13:00,'0-3,FALSO
Iceland Besta Deildin,Afturelding have had BTTS in their last 13 league matches,Home vs KA Akureyri,1.44,28/09/2025 13:00,'0-3,FALSO
US MLS,Sporting KC have had Over 2.5 Match Goals in their last 8 away league matches,Away vs Minnesota United,1.44,04/10/2025 21:30,,VERDADEIRO
Norwegian 1. Division,Kongsvinger have had BTTS in their last 7 away league matches,Away vs Sogndal,1.44,28/09/2025 09:30,'0-2,FALSO
Iceland Besta Deildin,Valur have had BTTS in their last 9 league matches,Away vs Fram,1.44,28/09/2024 16:15,'2-0,FALSO
Norwegian 1. Division,Kongsvinger have had BTTS in their last 8 league matches,Away vs Sogndal,1.44,28/09/2025 09:30,'0-2,FALSO
Norwegian 1. Division,Sogndal have had BTTS in their last 10 league matches,Home vs Kongsvinger,1.44,28/09/2025 09:30,'0-2,FALSO
Eredivisie,NEC Nijmegen have had Over 2.5 Match Goals in their last 6 league matches,Home vs AZ Alkmaar,1.44,28/09/2025 07:15,'0-2,FALSO
Norwegian 1. Division,Sogndal have had BTTS in their last 7 home league matches,Home vs Kongsvinger,1.44,28/09/2025 09:30,'0-2,FALSO
Iceland Besta Deildin,Valur have had BTTS in their last 9 league matches,Away vs Fram,1.44,28/09/2025 16:15,'2-0,FALSO
Iceland Besta Deildin,Stjarnan have had Over 2.5 Match Goals in their last 7 home league matches,Home vs FH,1.44,21/09/2025 16:15,'0-0,FALSO
Iceland Besta Deildin,Afturelding have had BTTS in their last 6 home league matches,Home vs KA Akureyri,1.44,28/09/2024 13:00,'3-2,FALSO
Meistriliiga,Harju Jalgpallikool have had Over 2.5 Match Goals in their last 7 league matches,Home vs Vaprus,1.44,27/09/2025 08:30,'0-1,FALSO
Eredivisie,NEC Nijmegen have had Over 2.5 Match Goals in their last 6 league matches,Home vs AZ Alkmaar,1.44,28/09/2024 07:15,'2-1,FALSO
Meistriliiga,Harju Jalgpallikool have had Over 2.5 Match Goals in their last 9 league matches,Home vs Nomme Kalju,1.44,19/10/2025 08:30,'1-3,VERDADEIRO
Super League,Yunnan Yukun have had BTTS in their last 11 league matches,Away vs Shandong Taishan,1.44,04/10/2025 08:35,'1-1,VERDADEIRO
Norwegian 1. Division,Kongsvinger have had BTTS in their last 8 league matches,Away vs Sogndal,1.44,28/09/2024 09:30,'2-2,FALSO
Norwegian 1. Division,Sogndal have had BTTS in their last 10 league matches,Home vs Kongsvinger,1.44,28/09/2024 09:30,'2-2,FALSO
Finnish Veikkausliiga,Ilves have had BTTS in their last 7 league matches,Away vs Gnistan,1.44,25/10/2025 11:00,'1-3,VERDADEIRO
Norwegian 1. Division,Kongsvinger have had BTTS in their last 7 away league matches,Away vs Sogndal,1.44,28/09/2024 09:30,'2-2,FALSO
Norwegian 1. Division,Sogndal have had BTTS in their last 7 home league matches,Home vs Kongsvinger,1.44,28/09/2024 09:30,'2-2,FALSO
Iceland Besta Deildin,Valur have had BTTS in their last 8 home league matches,Home vs FH,1.44,19/10/2025 16:15,'4-4,VERDADEIRO
Meistriliiga,Harju Jalgpallikool have had Over 2.5 Match Goals in their last 6 home league matches,Home vs Tammeka,1.44,22/10/2025 12:00,'2-2,VERDADEIRO
Meistriliiga,Harju Jalgpallikool have had Over 2.5 Match Goals in their last 10 league matches,Home vs Tammeka,1.44,22/10/2025 12:00,'2-2,VERDADEIRO
US MLS,Orlando City SC have had BTTS in their last 13 league matches,Home vs Columbus Crew,1.44,04/10/2025 20:30,,VERDADEIRO
Eredivisie,NEC Nijmegen have had BTTS in their last 6 league matches,Away vs Zwolle,1.44,25/10/2025 16:00,'2-2,VERDADEIRO
US MLS,Chicago Fire have had Over 2.5 Match Goals in their last 6 league matches,Home vs Columbus Crew,1.44,27/09/2025 21:30,,FALSO
US MLS,St. Louis City have had BTTS in their last 10 home league matches,Home vs Los Angeles FC,1.44,27/09/2025 21:30,,FALSO
Eerste Divisie,RKC Waalwijk have had BTTS in their last 7 league matches,Home vs SC Cambuur,1.44,24/10/2025 15:00,'4-4,VERDADEIRO
Iceland Besta Deildin,Afturelding have had BTTS in their last 8 away league matches,Away vs IA,1.44,25/10/2025 11:00,'1-0,FALSO
1. SNL,Celje have had Over 2.5 Match Goals in their last 7 away league matches,Away vs Mura,1.44,26/10/2025 16:15,'2-1,VERDADEIRO
Primera Division,Penarol have Won their last 10 home league matches,Home vs Danubio,1.45,05/10/2025 18:00,,VERDADEIRO
Liga de Expansion MX,Dorados have Lost their last 6 league matches,Away vs Universidad Guadalajara,1.45,04/10/2025 22:00,'2-0,VERDADEIRO
Primera B Nacional,Deportivo Madryn have Won their last 7 home league matches,Home vs Arsenal de Sarandi,1.46,28/09/2025 15:30,'2-1,VERDADEIRO
Eerste Divisie,Den Haag have Won their last 6 league matches,Away vs Jong AZ,1.46,03/10/2025 15:00,'0-4,VERDADEIRO
Norwegian 1. Division,Moss have had Over 2.5 Match Goals in their last 8 home league matches,Home vs Lillestrom,1.48,28/09/2024 08:00,'1-5,FALSO
Norwegian Eliteserien,Sandefjord have had Over 2.5 Match Goals in their last 8 league matches,Away vs FK Haugesund,1.48,28/09/2024 08:00,'2-3,FALSO
Norwegian 1. Division,Kongsvinger have had Over 2.5 Match Goals in their last 6 away league matches,Away vs Lyn,1.48,25/10/2025 11:00,'0-1,FALSO
Norwegian 1. Division,Kongsvinger have had Over 2.5 Match Goals in their last 6 league matches,Away vs Lyn,1.48,25/10/2025 11:00,'0-1,FALSO
Norwegian Eliteserien,Sandefjord have had Over 2.5 Match Goals in their last 8 league matches,Away vs FK Haugesund,1.48,29/09/2025 14:00,'0-2,FALSO
Norwegian 1. Division,Moss have had Over 2.5 Match Goals in their last 8 home league matches,Home vs Lillestrom,1.48,29/09/2025 14:00,'0-1,FALSO
Norwegian Eliteserien,Viking FK have had Over 2.5 Match Goals in their last 6 league matches,Home vs Molde FK,1.48,21/09/2025 14:15,'1-0,FALSO
Superliga,AGF Aarhus have Won their last 7 league matches,Home vs Silkeborg IF,1.49,05/10/2025 11:00,'3-1,VERDADEIRO
1. Lig,Hatayspor have had Over 2.5 Match Goals in their last 6 league matches,Away vs Sivasspor,1.5,24/10/2025 14:00,'1-1,FALSO
Meistriliiga,Flora have had Over 2.5 Match Goals in their last 8 league matches,Away vs Harju Jalgpallikool,1.5,04/10/2025 13:00,'1-2,VERDADEIRO
Liga MX,Toluca have had Over 2.5 Match Goals in their last 7 league matches,Away vs Tijuana,1.5,23/10/2025 00:00,'0-0,FALSO
First Division,Aalborg BK have had Over 2.5 Match Goals in their last 6 league matches,Away vs B 93,1.5,17/10/2025 14:00,'2-2,VERDADEIRO
Super league,Henan Songshan Longmen have had BTTS in their last 7 away league matches,Away vs Tianjin Jinmen Tiger,1.5,28/09/2025 08:00,'1-0,FALSO
Super League,Henan Songshan Longmen have had BTTS in their last 7 away league matches,Away vs Tianjin Jinmen Tiger,1.5,28/09/2025 08:00,'1-0,FALSO
Fortuna Liga,Žilina have had Over 2.5 Match Goals in their last 8 league matches,Away vs Dunajska Streda,1.5,19/10/2025 13:00,'1-2,VERDADEIRO
Ekstraklasa,Lech Poznań have had BTTS in their last 6 home league matches,Home vs Pogoń Szczecin,1.5,19/10/2025 09:45,'2-2,VERDADEIRO
Super League,Henan Songshan Longmen have had BTTS in their last6away league matches,Away vs Wuhan Three Towns,1.5,19/09/2025 08:35,'2-5,VERDADEIRO
US MLS,Minnesota United have had BTTS in their last 7 away league matches,Away vs Colorado Rapids,1.5,27/09/2025 22:30,,FALSO
3. Liga,Ulm have had BTTS in their last 8 league matches,Home vs Energie Cottbus,1.5,19/10/2025 08:30,'1-2,VERDADEIRO
Premier League,Brighton have had BTTS in their last 6 league matches,Away vs Man United,1.5,25/10/2025 13:30,'4-2,VERDADEIRO
Czech Liga,Karvina have had BTTS in their last 9 league matches,Away vs Mlada Boleslav,1.5,25/10/2025 10:00,'2-4,VERDADEIRO
Czech Liga,Karvina have had BTTS in their last 6 away league matches,Away vs Mlada Boleslav,1.5,25/10/2025 10:00,'2-4,VERDADEIRO
1. HNL,Slaven Koprivnica have had Over 2.5 Match Goals in their last 6 league matches,Away vs Dinamo Zagreb,1.5,28/09/2025 13:15,'4-1,VERDADEIRO
Norwegian 1. Division,Raufoss have had Over 2.5 Match Goals in their last 7 away league matches,Away vs Stabaek Fotball,1.5,21/09/2025 12:00,'3-0,VERDADEIRO
3. Liga,Ulm have had BTTS in their last 7 league matches,Away vs Ingolstadt,1.5,04/10/2025 09:00,'4-1,VERDADEIRO
Primera Division,Cusco FC have Won their last 6 home league matches,Home vs ADT,1.5,22/09/2025 21:15,'0-2,FALSO
Finnish Veikkausliiga,SJK have had Over 2.5 Match Goals in their last 8 away league matches,Away vs KuPS Kuopio,1.5,23/09/2025 12:00,'1-4,VERDADEIRO
Primera Division,Los Chankas have had Over 2.5 Match Goals in their last 7 league matches,Away vs Melgar,1.5,21/09/2025 15:00,'1-0,FALSO
Finnish Ykkosliiga,TPS have had Over 2.5 Match Goals in their last 7 home league matches,Home vs JIPPO,1.5,27/09/2025 09:00,'0-1,FALSO
Meistriliiga,Harju Jalgpallikool have had Over 2.5 Match Goals in their last 8 league matches,Home vs Flora,1.5,04/10/2025 13:00,'1-2,VERDADEIRO
3. Liga,Ulm have had BTTS in their last 9 league matches,Away vs Verl,1.5,25/10/2025 09:00,'5-0,FALSO
3. Liga,Ulm have had BTTS in their last 6 away league matches,Away vs Verl,1.5,25/10/2025 09:00,'5-0,FALSO
Eerste Divisie,RKC Waalwijk have had Over 2.5 Match Goals in their last 6 league matches,Home vs SC Cambuur,1.5,24/10/2025 15:00,'4-4,VERDADEIRO
3. Liga,Havelse have had BTTS in their last 6 league matches,Home vs Regensburg,1.53,19/10/2025 14:30,'1-2,VERDADEIRO
Swiss Super League,Grasshopper have had BTTS in their last 7 league matches,Home vs Zurich,1.53,04/10/2025 15:30,'3-0,FALSO
US MLS,Colorado Rapids have had Over 2.5 Match Goals in their last 9 away league matches,Away vs Real Salt Lake,1.53,04/10/2025 22:30,,FALSO
Czech Liga,Mlada Boleslav have had Over 2.5 Match Goals in their last 7 league matches,Home vs Banik Ostrava,1.53,21/09/2025 13:30,'1-1,FALSO
3. Liga,Verl have had BTTS in their last 7 league matches,Away vs Regensburg,1.53,28/09/2024 08:30,'2-0,FALSO
US MLS,Orlando City SC have had BTTS in their last 6 away league matches,Away vs Cincinnati,1.53,28/09/2025 20:00,,VERDADEIRO
Finnish Veikkausliiga,KTP have had Over 2.5 Match Goals in their last 12 away league matches,Away vs Oulu,1.53,27/09/2025 11:00,'0-2,FALSO
US MLS,Colorado Rapids have had Over 2.5 Match Goals in their last 12 league matches,Home vs Minnesota United,1.53,27/09/2025 22:30,,FALSO
Norwegian 1. Division,Lillestrom have had Over 2.5 Match Goals in their last 8 league matches,Home vs Lyn,1.53,17/10/2025 14:00,'5-1,VERDADEIRO
US MLS,Orlando City SC have had BTTS in their last 12 league matches,Away vs Cincinnati,1.53,28/09/2025 20:00,,VERDADEIRO
Norwegian 1. Division,Raufoss have had Over 2.5 Match Goals in their last 8 away league matches,Away vs IK Start,1.53,04/10/2025 11:00,'4-0,VERDADEIRO
Eerste Divisie,FC Den Bosch have had Over 2.5 Match Goals in their last 6 league matches,Away vs VVV-Venlo,1.53,28/09/2024 08:00,'0-1,FALSO
3. Liga,have lse have had BTTS in their last 6 league matches,Home vs Regensburg,1.53,19/10/2025 14:30,'1-2,VERDADEIRO
Norwegian 1. Division,Lillestrom have had Over 2.5 Match Goals in their last 6 home league matches,Home vs Lyn,1.53,17/10/2025 14:00,'5-1,VERDADEIRO
Liga de Expansion MX,CA La Paz have had Over 2.5 Match Goals in their last 6 league matches,Home vs Cancun,1.53,04/10/2025 00:00,'2-4,FALSO
Super League,Wuhan Three Towns have had Over 2.5 Match Goals in their last 8 away league matches,Away vs Dalian Yingbo,1.53,19/10/2025 04:30,'0-0,FALSO
Meistriliiga,Tallinna Kalev have Lost their last 10 league matches,Away vs Tammeka,1.53,25/10/2025 11:00,'5-2,VERDADEIRO
Fortuna Liga,Žilina have had Over 2.5 Match Goals in their last 7 league matches,Home vs FK Košice,1.53,04/10/2025 15:30,'4-1,VERDADEIRO
Tweede Divisie,HHC have Won their last 7 league matches,Home vs Jong Sparta,1.53,04/10/2025 09:30,'0-2,FALSO
Finnish Veikkausliiga,HJK have had Over 2.5 Match Goals in their last 10 home league matches,Home vs FC Inter Turku,1.53,26/10/2025 12:00,'1-1,FALSO
Eerste Divisie,FC Den Bosch have had Over 2.5 Match Goals in their last 6 league matches,Away vs VVV-Venlo,1.53,30/09/2025 15:00,'0-1,FALSO
Swedish Superettan,Vasteras SK have had Over 2.5 Match Goals in their last 6 away league matches,Away vs Orgryte,1.53,24/10/2025 14:00,'0-2,FALSO
Meistriliiga,Harju Jalgpallikool have had Over 2.5 Match Goals in their last 7 home league matches,Home vs Trans,1.53,25/10/2025 08:30,'1-0,FALSO
Ligue 1,Monaco have had BTTS in their last 6 league matches,Home vs Toulouse,1.53,25/10/2025 14:00,'1-0,FALSO
Eerste Divisie,TOP Oss have had BTTS in their last 8 league matches,Away vs Jong FC Utrecht,1.53,24/10/2025 15:00,'0-0,FALSO
Meistriliiga,Harju Jalgpallikool have had Over 2.5 Match Goals in their last 11 league matches,Home vs Trans,1.53,25/10/2025 08:30,'1-0,FALSO
Iceland Besta Deildin,Afturelding have had BTTS in their last 7 home league matches,Home vs Vestri,1.53,19/10/2025 11:00,'1-1,VERDADEIRO
1. Liga,FKS Stal Mielec have had BTTS in their last 6 home league matches,Home vs Miedź Legnica,1.53,26/10/2025 13:00,'1-2,VERDADEIRO
3. Liga,Verl have had BTTS in their last 7 league matches,Away vs Regensburg,1.53,28/09/2025 08:30,'2-0,FALSO
Iceland Besta Deildin,Afturelding have had BTTS in their last 15 league matches,Home vs Vestri,1.53,19/10/2025 11:00,'1-1,VERDADEIRO
Bundesliga 2,Preussen Munster have had BTTS in their last 9 league matches,Away vs Magdeburg,1.53,26/10/2025 09:30,'2-0,FALSO
National League,Morecambe have had Over 2.5 Match Goals in their last 7 league matches,Away vs Tamworth,1.53,04/10/2025 11:00,'1-1,FALSO
US MLS,Charlotte have Won their last 6 home league matches,Home vs CF Montreal,1.56,27/09/2025 20:30,'1-0,VERDADEIRO
Turkish Super Lig,Galatasaray have Won their last 7 league matches,Home vs Besiktas,1.56,04/10/2025 14:00,'1-1,FALSO
US MLS,Charlotte have Won their last 6 home league matches,Home vs CF Montreal,1.56,27/09/2025 20:30,,FALSO
Bolivia Primera Division,Real Oruro have had Over 2.5 Match Goals in their last 6 league matches,Home vs Guabira,1.57,25/09/2025 21:00,,VERDADEIRO
Finnish Veikkausliiga,Jaro have had Over 2.5 Match Goals in their last 6 home league matches,Home vs Haka,1.57,03/10/2025 12:00,'2-1,FALSO
Finnish Veikkausliiga,Jaro have had Over 2.5 Match Goals in their last 7 league matches,Home vs Haka,1.57,03/10/2025 12:00,'2-1,FALSO
Finnish Veikkausliiga,Jaro have had Over 2.5 Match Goals in their last 7 league matches,Home vs Haka,1.57,03/10/2025 12:00,'0-2,FALSO
1. SNL,Celje have had Over 2.5 Match Goals in their last 7 league matches,Home vs Maribor,1.57,27/09/2025 15:15,'3-0,VERDADEIRO
Bundesliga 2,Braunschweig have had BTTS in their last 6 league matches,Home vs Hannover,1.57,26/10/2025 09:30,'0-3,FALSO
Bundesliga 2,Preussen Munster have had BTTS in their last 6 league matches,Home vs Braunschweig,1.57,28/09/2025 08:30,,VERDADEIRO
Bundesliga 2,Preussen Munster have had Over 2.5 Match Goals in their last 7 league matches,Away vs Magdeburg,1.57,26/10/2025 09:30,'2-0,FALSO
Finnish Veikkausliiga,Jaro have had Over 2.5 Match Goals in their last 6 league matches,Home vs Mariehamn,1.57,28/09/2025 10:00,'0-2,FALSO
Serie B,Athletico PR have Won their last 6 league matches,Home vs Operario PR,1.57,27/09/2025 20:30,'1-0,VERDADEIRO
Fortuna Liga,Žilina have had Over 2.5 Match Goals in their last 6 league matches,Home vs Spartak Trnava,1.57,28/09/2025 14:00,'2-2,VERDADEIRO
K League 1,Daegu have had Over 2.5 Match Goals in their last 14 away league matches,Away vs Ulsan HD,1.57,26/10/2025 02:00,'1-1,FALSO
Scottish League 2,Edinburgh City have had BTTS in their last 7 league matches,Home vs Forfar,1.57,27/09/2025 11:00,,VERDADEIRO
Finnish Ykkosliiga,FC Lahti have had Over 2.5 Match Goals in their last 7 home league matches,Home vs PK-35,1.57,27/09/2025 10:00,'1-0,FALSO
US MLS,CF Montreal have had BTTS in their last 6 away league matches,Away vs Charlotte,1.57,27/09/2025 20:30,,VERDADEIRO
Finnish Veikkausliiga,Jaro have had Over 2.5 Match Goals in their last 6 league matches,Home vs Mariehamn,1.57,28/09/2024 10:00,'2-3,FALSO
K League 1,Daegu have had Over 2.5 Match Goals in their last 6 league matches,Home vs Ulsan HD,1.57,27/09/2025 04:30,'0-0,FALSO
Czech Liga,Karvina have had Over 2.5 Match Goals in their last 6 away league matches,Away vs Mlada Boleslav,1.57,25/10/2025 10:00,'2-4,VERDADEIRO
K League 1,Daegu have had BTTS in their last 7 league matches,Away vs Ulsan HD,1.57,26/10/2025 02:00,'1-1,VERDADEIRO
3. Liga,Energie Cottbus have had Over 2.5 Match Goals in their last 6 league matches,Away vs Ulm,1.57,19/10/2025 08:30,'1-2,VERDADEIRO
Norwegian Eliteserien,Viking FK have had BTTS in their last 6 away league matches,Away vs Tromso,1.57,19/10/2025 09:30,'1-3,VERDADEIRO
Finnish Veikkausliiga,Jaro have had Over 2.5 Match Goals in their last 6 home league matches,Home vs Haka,1.57,03/10/2025 12:00,'0-2,FALSO
Scottish League 2,Dumbarton have had BTTS in their last 8 league matches,Away vs Stirling,1.57,04/10/2025 11:00,'2-2,VERDADEIRO
National League,Eastleigh have had BTTS in their last 6 home league matches,Home vs Morecambe,1.57,25/10/2025 11:00,'2-1,VERDADEIRO
Superliga,Odense BK have had BTTS in their last 7 league matches,Home vs Sonderjyske Fodbold,1.57,03/10/2025 14:00,,VERDADEIRO
USL Championship,Loudoun United have had BTTS in their last 6 league matches,Home vs Tampa Bay Rowdies,1.57,28/09/2025 18:00,,VERDADEIRO
Liga de Expansion MX,Dorados have Lost their last 7 league matches,Home vs Atlante,1.57,12/10/2025 00:00,'0-0,FALSO
US MLS,Seattle Sounders FC have had BTTS in their last 6 home league matches,Home vs Portland Timbers,1.57,04/10/2025 23:30,,FALSO
Primera B Nacional,Estudiantes de Buenos Aires have Won their last 6 home league matches,Home vs Deportivo Maipu,1.57,12/10/2025 17:10,'1-1,VERDADEIRO
Bolivia Primera Division,Independiente Petrolero have had Over 2.5 Match Goals in their last 6 league matches,Away vs Oriente Petrolero,1.57,23/09/2025 16:00,'2-1,FALSO
Super league,Wuhan Three Towns have had Over 2.5 Match Goals in their last 8 away league matches,Away vs Dalian Yingbo,1.57,19/10/2025 04:30,'0-0,FALSO
Norwegian 1. Division,Moss have had BTTS in their last 8 home league matches,Home vs Aalesunds FK,1.57,25/10/2025 11:00,'1-1,VERDADEIRO
Bolivia Primera Division,Independiente Petrolero have had Over 2.5 Match Goals in their last 6 league matches,Away vs Oriente Petrolero,1.57,23/09/2025 16:00,'0-0,FALSO
Norwegian 1. Division,Moss have had Over 2.5 Match Goals in their last 10 home league matches,Home vs Aalesunds FK,1.57,25/10/2025 11:00,'1-1,FALSO
1. Liga,Polonia Warszawa have had BTTS in their last 6 league matches,Home vs Stal Rzeszow,1.57,03/10/2025 15:30,,VERDADEIRO
Primera B Nacional,Estudiantes de Buenos Aires have Won their last 6 home league matches,Home vs Deportivo Maipu,1.57,12/10/2025 17:10,'1-1,FALSO
Bundesliga,Ein Frankfurt have had Over 2.5 Match Goals in their last 7 league matches,Home vs St Pauli,1.57,25/10/2025 10:30,'2-0,FALSO
Eredivisie,Heracles Almelo have had Over 2.5 Match Goals in their last 6 league matches,Away vs FC Volendam,1.57,25/10/2025 15:00,'3-0,VERDADEIRO
Meistriliiga,Flora have had Over 2.5 Match Goals in their last 11 league matches,Away vs Paide,1.6,26/10/2025 09:30,'1-1,FALSO
Scottish League 2,Edinburgh City have had Over 2.5 Match Goals in their last 7 league matches,Home vs Forfar,1.6,27/09/2025 11:00,,FALSO
Premier League,Rukh Vynnyky have Lost their last 6 league matches,Away vs Kolos Kovalivka,1.6,03/10/2025 09:30,'0-2,FALSO
Meistriliiga,Levadia have had BTTS in their last 6 league matches,Away vs Flora,1.61,24/09/2025 13:00,'1-2,VERDADEIRO
USL Championship,Loudoun United have had BTTS in their last 7 league matches,Home vs Birmingham Legion,1.61,04/10/2025 18:00,,FALSO
USL Championship,Loudoun United have had Over 2.5 Match Goals in their last 7 league matches,Home vs Birmingham Legion,1.61,04/10/2025 18:00,,FALSO
Iceland Besta Deildin,Vikingur Reykjavik have had BTTS in their last 10 home league matches,Home vs FH,1.61,05/10/2025 16:15,,FALSO
Tweede Divisie,Rijnsburgse Boys have had Over 2.5 Match Goals in their last 6 league matches,Away vs De Treffers,1.61,25/10/2025 13:00,'1-1,FALSO
USL Championship,Loudoun United have had Over 2.5 Match Goals in their last 6 league matches,Home vs Tampa Bay Rowdies,1.61,28/09/2025 18:00,,VERDADEIRO
Superliga,Odense BK have had BTTS in their last 6 league matches,Away vs Brondby IF,1.62,28/09/2025 15:00,,VERDADEIRO
National League,Wealdstone have had BTTS in their last 7 league matches,Home vs Eastleigh,1.62,27/09/2025 11:00,'0-0,FALSO
Turkish Super Lig,Konyaspor have had BTTS in their last 6 league matches,Home vs Besiktas,1.62,22/10/2025 14:00,'0-2,FALSO
K League 1,Suwon have had BTTS in their last 8 away league matches,Away vs Jeju United,1.62,28/09/2025 04:30,,VERDADEIRO
Norwegian Eliteserien,Sarpsborg 08 FF have had BTTS in their last 6 league matches,Home vs KFUM,1.62,25/10/2025 13:00,'2-1,VERDADEIRO
Finnish Veikkausliiga,HJK have had BTTS in their last 8 home league matches,Home vs Gnistan,1.62,03/10/2025 13:00,,VERDADEIRO
J League,Cerezo Osaka have had BTTS in their last 6 league matches,Away vs Nagoya Grampus,1.62,04/10/2025 01:30,'2-1,VERDADEIRO
Swiss Super League,Winterthur have had Over 2.5 Match Goals in their last 7 league matches,Home vs Lucerne,1.62,25/10/2025 15:30,'2-2,VERDADEIRO
Scottish League 1,Peterhead have had Over 2.5 Match Goals in their last 8 league matches,Home vs Inverness C,1.62,25/10/2025 11:00,'0-1,FALSO
Norwegian 1. Division,Raufoss have had Over 2.5 Match Goals in their last 10 away league matches,Away vs Skeid,1.62,25/10/2025 09:00,'1-4,VERDADEIRO
Norwegian 1. Division,Moss have had BTTS in their last 7 league matches,Away vs Lyn,1.62,05/10/2025 12:00,'4-0,FALSO
Superliga,FC Nordsjaelland have had Over 2.5 Match Goals in their last 6 away league matches,Away vs AGF Aarhus,1.62,24/10/2025 14:00,'1-0,FALSO
Segunda Division,Santander have had Over 2.5 Match Goals in their last 6 league matches,Home vs FC Andorra,1.62,27/09/2025 13:30,'0-1,FALSO
Segunda Division,Santander have had BTTS in their last 6 league matches,Home vs FC Andorra,1.62,27/09/2025 13:30,'0-1,FALSO
Norwegian 1. Division,Kongsvinger have had BTTS in their last 9 league matches,Home vs Skeid,1.62,04/10/2025 11:00,'3-0,FALSO
Bundesliga,Ein Frankfurt have had Over 2.5 Match Goals in their last 6 league matches,Away vs Freiburg,1.62,19/10/2025 10:30,'2-2,VERDADEIRO
Meistriliiga,Levadia have had Over 2.5 Match Goals in their last 6 league matches,Away vs Flora,1.65,24/09/2025 13:00,'1-2,VERDADEIRO
Norwegian 1. Division,Mjondalen IF have had Over 2.5 Match Goals in their last 6 away league matches,Away vs Asane,1.65,04/10/2025 11:00,'2-3,FALSO
Bundesliga 2,Hannover have had Over 2.5 Match Goals in their last 6 league matches,Home vs Schalke 04,1.65,17/10/2025 13:30,'0-3,VERDADEIRO
Meistriliiga,Flora have had Over 2.5 Match Goals in their last 6 league matches,Home vs Levadia,1.65,24/09/2025 13:00,'2-3,VERDADEIRO
Bundesliga 2,Hannover have had Over 2.5 Match Goals in their last 7 league matches,Away vs Braunschweig,1.65,26/10/2025 09:30,'0-3,VERDADEIRO
Meistriliiga,Flora have had Over 2.5 Match Goals in their last 7 league matches,Away vs Nomme Kalju,1.65,28/09/2025 08:30,'0-3,FALSO
Segunda Division,Santander have had Over 2.5 Match Goals in their last 9 league matches,Home vs La Coruna,1.65,19/10/2025 13:30,'2-1,VERDADEIRO
Liga MX,Atlas have had Over 2.5 Match Goals in their last 6 home league matches,Home vs Leon,1.65,23/10/2025 00:00,'2-0,FALSO
Fortuna Liga,Žilina have had Over 2.5 Match Goals in their last 9 league matches,Home vs Skalica,1.66,25/10/2025 10:30,'3-2,VERDADEIRO
J League,Albirex Niigata have Lost their last 8 away league matches,Away vs Gamba Osaka,1.66,27/09/2025 05:00,'0-4,FALSO
Meistriliiga,Flora have had Over 2.5 Match Goals in their last 7 league matches,Away vs Nomme Kalju,1.66,28/09/2024 08:30,'3-1,FALSO
Finnish Ykkosliiga,SJK Akatemia have had BTTS in their last 8 league matches,Away vs FC Lahti,1.66,03/10/2025 12:30,'3-0,FALSO
Finnish Ykkosliiga,SJK Akatemia have had BTTS in their last 9 away league matches,Away vs FC Lahti,1.66,03/10/2025 12:30,'3-0,FALSO
USL Championship,Orange County have had BTTS in their last 6 league matches,Home vs El Paso Locomotive,1.66,04/10/2025 23:00,,FALSO
Scottish League 2,Edinburgh City have had BTTS in their last 8 league matches,Away vs Spartans,1.67,04/10/2025 11:00,,FALSO
Swedish Allsvenskan,IK Sirius have had Over 2.5 Match Goals in their last 6 league matches,Home vs Malmo FF,1.67,05/10/2025 11:30,,VERDADEIRO
Norwegian 1. Division,Moss have had BTTS in their last 6 home league matches,Home vs Lillestrom,1.67,28/09/2024 04:30,'1-5,FALSO
Norwegian 1. Division,Moss have had BTTS in their last 6 league matches,Home vs Lillestrom,1.67,28/09/2024 04:30,'1-5,FALSO
3. Liga,Havelse have had BTTS in their last 7 league matches,Away vs Energie Cottbus,1.67,25/10/2025 09:00,'4-3,VERDADEIRO
Liga MX,Atlas have had Over 2.5 Match Goals in their last 6 home league matches,Home vs Leon,1.67,23/10/2025 00:00,,FALSO
Super League,Shanghai Port have had BTTS in their last 10 league matches,Home vs Wuhan Three Towns,1.67,26/09/2025 09:00,,VERDADEIRO
Czech Liga,Karvina have had BTTS in their last 7 league matches,Away vs Pardubice,1.67,04/10/2025 10:00,'0-2,FALSO
1. Lig,Hatayspor have had BTTS in their last 7 league matches,Home vs Bandırmaspor,1.67,28/09/2025 13:00,'0-3,FALSO
Primera Division,Melgar have had BTTS in their last 6 league matches,Home vs Cienciano,1.67,02/10/2025 21:30,'2-0,FALSO
Bundesliga 2,Preussen Munster have had BTTS in their last 7 league matches,Away vs Hertha,1.67,04/10/2025 08:00,'0-2,FALSO
J league 2,Consadole Sapporo have had BTTS in their last 8 away league matches,Away vs Kataller Toyama,1.67,19/10/2025 00:55,'0-2,FALSO
Norwegian 1. Division,Moss have had BTTS in their last 6 home league matches,Home vs Lillestrom,1.67,29/09/2025 14:00,'0-1,FALSO
Swedish Superettan,Varbergs BoIS have had BTTS in their last 7 league matches,Away vs Landskrona,1.67,06/10/2025 14:01,,VERDADEIRO
Swedish Superettan,Falkenbergs FF have had Over 2.5 Match Goals in their last 6 league matches,Away vs Orebro SK,1.67,05/10/2025 10:00,,VERDADEIRO
Bundesliga,WSG Tirol have had BTTS in their last 6 league matches,Home vs FC Salzburg,1.67,28/09/2024 09:30,'1-2,FALSO
Primera Division,Los Chankas have had BTTS in their last 10 home league matches,Home vs Cusco FC,1.67,04/10/2025 15:00,,VERDADEIRO
Swiss Super League,Lausanne Sport have had BTTS in their last 6 league matches,Away vs Sion,1.67,28/09/2025 11:30,'0-0,FALSO
J League,Shonan Bellmare have had BTTS in their last 6 home league matches,Home vs Kawasaki Frontale,1.67,23/09/2025 07:00,'0-0,FALSO
Swiss Super league,Lausanne Sport have had BTTS in their last 6 league matches,Away vs Sion,1.67,28/09/2025 11:30,'0-0,FALSO
National League,Wealdstone have had BTTS in their last 6 league matches,Away vs Tamworth,1.67,24/09/2025 15:45,'1-1,FALSO
J League,Shonan Bellmare have had BTTS in their last 6 home league matches,Home vs Kawasaki Frontale,1.67,23/09/2025 07:00,'1-2,FALSO
Eerste Divisie,Almere City have had Over 2.5 Match Goals in their last 7 league matches,Home vs SC Cambuur,1.67,17/10/2025 15:00,'1-1,FALSO
Czech Liga,Karvina have had BTTS in their last 7 league matches,Away vs Pardubice,1.67,04/10/2025 10:00,'2-1,VERDADEIRO
Norwegian 1. Division,Sogndal have had BTTS in their last 11 league matches,Away vs Aalesunds FK,1.67,04/10/2025 11:00,'2-0,FALSO
1. Lig,Hatayspor have had BTTS in their last 7 league matches,Home vs Bandırmaspor,1.67,28/09/2024 13:00,'0-3,FALSO
Czech Liga,Karvina have had BTTS in their last 6 league matches,Away vs Slovacko,1.67,27/09/2025 10:00,'1-2,VERDADEIRO
Norwegian Eliteserien,Sandefjord have had Over 2.5 Match Goals in their last 9 league matches,Home vs Bryne,1.67,04/10/2025 11:00,'1-0,FALSO
Swiss Super League,Grasshopper have had BTTS in their last 6 league matches,Away vs FC Lugano,1.67,27/09/2025 13:00,'0-2,FALSO
Bundesliga,WSG Tirol have had BTTS in their last 6 league matches,Home vs FC Salzburg,1.67,28/09/2025 09:30,'0-1,FALSO
Norwegian 1. Division,Moss have had BTTS in their last 6 league matches,Home vs Lillestrom,1.67,29/09/2025 14:00,'0-1,FALSO
Segunda Division,Santander have had Over 2.5 Match Goals in their last 10 league matches,Away vs Mirandes,1.67,25/10/2025 16:00,'1-3,VERDADEIRO
Czech Liga,Pardubice have had BTTS in their last 8 league matches,Away vs Teplice,1.7,28/09/2024 08:00,'0-0,FALSO
Czech Liga,Pardubice have had BTTS in their last 8 league matches,Away vs Teplice,1.7,28/09/2025 08:00,'0-0,FALSO
Liga MX,Mazatlan have had BTTS in their last 7 home league matches,Home vs America,1.7,25/10/2025 00:00,,VERDADEIRO
Swedish Allsvenskan,AIK have had BTTS in their last 6 league matches,Home vs BK Hacken,1.7,26/10/2025 12:30,'2-2,VERDADEIRO
First Division,Lyngby Boldklub have had Over 2.5 Match Goals in their last 6 league matches,Away vs Aalborg BK,1.7,25/10/2025 09:00,'3-2,VERDADEIRO
Segunda Division,Santander have had Over 2.5 Match Goals in their last 8 league matches,Away vs Sp Gijon,1.7,12/10/2025 11:15,'0-2,VERDADEIRO
Superliga,FC Kobenhavn have had BTTS in their last 7 league matches,Home vs Midtjylland,1.7,05/10/2025 13:00,,VERDADEIRO
Superliga,FC Kobenhavn have had BTTS in their last 8 league matches,Away vs Silkeborg IF,1.7,17/10/2025 14:00,'3-1,VERDADEIRO
Segunda Division,Santander have had Over 2.5 Match Goals in their last 8 league matches,Away vs Sp Gijon,1.7,12/10/2025 11:15,'2-1,VERDADEIRO
National League,Wealdstone have had BTTS in their last 6 league matches,Away vs Tamworth,1.7,24/09/2025 15:45,'1-1,VERDADEIRO
Ekstraklasa,Zaglebie Lubin have had Over 2.5 Match Goals in their last 8 league matches,Away vs Nieciecza,1.7,24/10/2025 13:00,'1-1,FALSO
Liga MX,Pumas UNAM have had BTTS in their last 6 league matches,Home vs Atletico San Luis,1.7,23/10/2025 00:05,'0-1,FALSO
Premier League,York 9 have had Over 2.5 Match Goals in their last 6 home league matches,Home vs Valour,1.72,28/09/2025 16:00,,FALSO
USL Championship,Birmingham Legion have had BTTS in their last 9 away league matches,Away vs San Antonio,1.72,27/09/2025 21:30,,FALSO
Finnish Ykkosliiga,FC Lahti have had BTTS in their last 7 home league matches,Home vs PK-35,1.72,27/09/2025 10:00,'1-0,FALSO
USL Championship,Birmingham Legion have had BTTS in their last 7 league matches,Away vs San Antonio,1.72,27/09/2025 21:30,,FALSO
Fortuna Liga,Žilina have had BTTS in their last 6 league matches,Home vs Skalica,1.72,25/10/2025 10:30,'3-2,VERDADEIRO
Super Liga,Čukarički have had BTTS in their last 6 league matches,Home vs Bačka Topola,1.72,21/09/2025 13:00,'4-2,VERDADEIRO
Premier League,Valour have had Over 2.5 Match Goals in their last 10 away league matches,Away vs York9,1.72,28/09/2025 16:00,,FALSO
1. Liga,Tychy 71 have had Over 2.5 Match Goals in their last 6 league matches,Home vs Chrobry Głogow,1.73,26/10/2025 08:00,'0-1,FALSO
K League 1,Suwon have had Over 2.5 Match Goals in their last 6 away league matches,Away vs Jeju United,1.73,28/09/2025 04:30,,VERDADEIRO
Primera Division,Sport Huancayo have had BTTS in their last 6 home league matches,Home vs Alianza Lima,1.73,20/10/2025 15:15,'1-2,VERDADEIRO
K League 2,Cheongju have Lost their last 6 home league matches,Home vs Bucheon 1995,1.73,25/10/2025 04:30,'0-0,FALSO
Swedish Superettan,Falkenbergs FF have had Over 2.5 Match Goals in their last 8 league matches,Away vs Trelleborg,1.73,26/10/2025 09:00,'1-1,FALSO
Scottish League 2,Dumbarton have had BTTS in their last 7 league matches,Home vs Stranraer,1.73,27/09/2025 11:00,'0-1,FALSO
1. Liga,Miedź Legnica have had Over 2.5 Match Goals in their last 7 away league matches,Away vs Gornik Łęczna,1.73,05/10/2025 12:30,,FALSO
Scottish League 1,Peterhead have had Over 2.5 Match Goals in their last 6 league matches,Away vs Kelty Hearts,1.73,04/10/2025 11:00,'1-2,VERDADEIRO
Scottish League 1,East Fife have had BTTS in their last 6 league matches,Home vs Cove Rangers,1.73,04/10/2025 11:00,'2-0,FALSO
Segunda Liga,Portimonense SAD have had BTTS in their last 6 league matches,Home vs Uniao de Leiria,1.73,04/10/2025 11:30,'1-1,VERDADEIRO
Liga 1,CFR Cluj have had BTTS in their last 8 league matches,Away vs Csikszereda,1.73,16/10/2025 14:30,'2-2,VERDADEIRO
J League 2,Consadole Sapporo have had BTTS in their last 8 away league matches,Away vs Kataller Toyama,1.73,19/10/2025 00:55,'0-2,FALSO
La Liga,Celta have had BTTS in their last 7 league matches,Home vs Sociedad,1.75,19/10/2025 11:15,'1-1,VERDADEIRO
Swedish Superettan,Orgryte have Won their last 7 away league matches,Away vs Sandviken,1.75,06/10/2025 14:00,,FALSO
Premier League,Cavalry have had Over 2.5 Match Goals in their last 7 league matches,Away vs Pacific,1.75,05/10/2025 19:00,,VERDADEIRO
3. Liga,Schweinfurt have Lost their last 6 league matches,Home vs Osnabruck,1.75,25/10/2025 11:30,'1-2,VERDADEIRO
Ekstraklasa,Zaglebie Lubin have had Over 2.5 Match Goals in their last 7 league matches,Home vs Legia Warsaw,1.75,19/10/2025 12:30,'3-1,VERDADEIRO
Northern Ireland Premiership,Coleraine have had Over 2.5 Match Goals in their last 8 league matches,Away vs Portadown,1.75,25/10/2025 11:00,'2-0,FALSO
La Liga,Celta have had BTTS in their last 6 league matches,Home vs Ath Madrid,1.75,05/10/2025 16:00,'1-1,VERDADEIRO
Northern Ireland Premiership,Glenavon have Lost their last 6 away league matches,Away vs Dungannon Swifts,1.75,25/10/2025 11:00,'1-0,VERDADEIRO
First Division,Aalborg BK have had Over 2.5 Match Goals in their last 7 league matches,Home vs Lyngby Boldklub,1.75,25/10/2025 09:00,'3-2,VERDADEIRO
League One,Bradford have had BTTS in their last 7 league matches,Home vs Blackpool,1.75,27/09/2025 11:00,'1-0,FALSO
Ekstraklasa,Zaglebie Lubin have had BTTS in their last 7 league matches,Home vs Arka Gdynia,1.75,28/09/2024 05:00,'4-0,FALSO
Ekstraklasa,Zaglebie Lubin have had BTTS in their last 7 league matches,Home vs Arka Gdynia,1.75,29/09/2025 13:00,'4-0,FALSO
First Division,HB Koge have had Over 2.5 Match Goals in their last 6 away league matches,Away vs Hvidovre,1.75,23/10/2025 13:30,'3-1,VERDADEIRO
J League,Shonan Bellmare have Lost their last 8 away league matches,Away vs Avispa Fukuoka,1.76,26/10/2025 02:40,'1-0,VERDADEIRO
Swedish Superettan,Utsikten have had Over 2.5 Match Goals in their last 6 league matches,Away vs Oddevold,1.8,05/10/2025 08:00,,FALSO
Premier League,Dynamo Kyiv have had Over 2.5 Match Goals in their last 6 league matches,Home vs Metalist 1925 Kharkiv,1.8,05/10/2025 09:30,'0-1,FALSO
Superliga,FC Kobenhavn have had BTTS in their last 6 league matches,Away vs Sonderjyske Fodbold,1.8,27/09/2025 13:00,,VERDADEIRO
Premier League,Dynamo Kyiv have had BTTS in their last 6 league matches,Home vs Metalist 1925 Kharkiv,1.8,05/10/2025 09:30,'0-1,FALSO
La Liga,Celta have had BTTS in their last 6 league matches,Home vs Ath Madrid,1.8,05/10/2025 16:00,'0-1,FALSO
Championship,Southampton have had BTTS in their last 6 away league matches,Away vs Blackburn,1.8,25/10/2025 11:00,'2-1,VERDADEIRO
League Two,Fleetwood Town have had BTTS in their last 6 home league matches,Home vs Accrington,1.8,25/10/2025 08:30,'2-1,VERDADEIRO
Liga 1,Csikszereda have had BTTS in their last 6 league matches,Away vs UTA Arad,1.8,27/09/2025 09:00,,FALSO
Bundesliga,WSG Tirol have had BTTS in their last 7 league matches,Away vs SV Ried,1.8,04/10/2025 12:00,'2-0,FALSO
Super Liga,Napredak have had Over 2.5 Match Goals in their last 6 league matches,Home vs Vojvodina,1.8,24/10/2025 11:00,'1-4,VERDADEIRO
Czech Liga,Karvina have had Over 2.5 Match Goals in their last 6 league matches,Away vs Slovacko,1.8,27/09/2025 10:00,'1-2,VERDADEIRO
Colombia Primera A,Boyaca Chico have Lost their last 6 away league matches,Away vs Fortaleza CEIF,1.8,13/10/2025 21:30,'1-0,VERDADEIRO
Scottish Championship,Ross County have had BTTS in their last 6 league matches,Home vs Raith R vs,1.8,04/10/2025 11:00,'2-0,FALSO
National League,Wealdstone have had Over 2.5 Match Goals in their last 6 league matches,Away vs Tamworth,1.8,24/09/2025 15:45,'1-1,FALSO
USL Championship,Orange County have had Over 2.5 Match Goals in their last 11 home league matches,Home vs El Paso Locomotive,1.8,04/10/2025 23:00,,FALSO
Premier League,HFX Wanderers have had Over 2.5 Match Goals in their last 6 home league matches,Home vs York9,1.8,04/10/2025 15:00,,FALSO
USL Championship,Oakland Roots have had BTTS in their last 7 league matches,Home vs Lexington,1.8,25/10/2025 23:00,'3-0,FALSO
Norwegian Eliteserien,Sarpsborg 08 FF have had Over 2.5 Match Goals in their last 6 league matches,Home vs KFUM,1.8,25/10/2025 13:00,'2-1,VERDADEIRO
3. Liga,Schweinfurt have had Over 2.5 Match Goals in their last 7 league matches,Home vs Osnabruck,1.8,25/10/2025 11:30,'1-2,VERDADEIRO
Serie B,Cesena have had BTTS in their last 8 league matches,Away vs Sudtirol,1.8,25/10/2025 10:00,'0-1,FALSO
Swedish Superettan,Varbergs BoIS have had BTTS in their last 6 league matches,Home vs Oddevold,1.8,28/09/2025 08:00,,VERDADEIRO
Segunda Liga,Portimonense SAD have had BTTS in their last 7 league matches,Away vs Pacos Ferreira,1.8,25/10/2025 10:00,'4-1,VERDADEIRO
Segunda Liga,Benfica II have had BTTS in their last 6 league matches,Home vs Penafiel,1.8,05/10/2025 14:00,'0-0,FALSO
Segunda Division,Santander have had BTTS in their last 7 league matches,Home vs Malaga,1.8,05/10/2025 13:30,'3-0,FALSO
Premier League,Dynamo Kyiv have had BTTS in their last 6 league matches,Home vs Metalist 1925 Kharkiv,1.8,05/10/2025 09:30,'1-1,FALSO
Premier League,Dynamo Kyiv have had Over 2.5 Match Goals in their last 6 league matches,Home vs Metalist 1925 Kharkiv,1.8,05/10/2025 09:30,'1-1,FALSO
La Liga,Celta have had BTTS in their last 6 league matches,Home vs Ath Madrid,1.8,05/10/2025 16:00,'1-1,FALSO
Liga MX,Toluca have had BTTS in their last 6 home league matches,Home vs Queretaro,1.8,18/10/2025 20:00,'4-0,FALSO
Colombia Primera A,Independiente Medellin have had BTTS in their last 7 league matches,Away vs Once Caldas,1.8,13/10/2025 19:15,'1-5,VERDADEIRO
Primera Division,Nacional have had Over 2.5 Match Goals in their last 6 league matches,Away vs Juventud,1.8,28/09/2024 16:00,'0-1,FALSO
Czech Liga,Karvina have had Over 2.5 Match Goals in their last 7 league matches,Away vs Pardubice,1.8,04/10/2025 10:00,'0-2,FALSO
1. HNL,Slaven Koprivnica have had BTTS in their last 7 league matches,Away vs Varaždin,1.8,25/10/2025 13:00,'1-3,VERDADEIRO
Primera Division,Nacional have had Over 2.5 Match Goals in their last 6 league matches,Away vs Juventud,1.8,28/09/2025 16:00,'0-1,FALSO
Bundesliga 2,Magdeburg have Lost their last 6 league matches,Away vs Darmstadt,1.8,19/10/2025 08:30,'0-0,FALSO
Primera B Nacional,Talleres Remedios de Escalada have Lost their last 6 away league matches,Away vs Almirante Brown,1.81,05/10/2025 15:30,'0-2,VERDADEIRO
Primera B Nacional,Talleres Remedios de Escalada have Lost their last 6 away league matches,Away vs Almirante Brown,1.81,05/10/2025 15:30,'2-1,VERDADEIRO
J League,Shonan Bellmare have Lost their last 7 league matches,Home vs Kyoto Sanga,1.81,19/10/2025 03:00,'1-1,FALSO
J league,Shonan Bellmare have Lost their last 7 league matches,Home vs Kyoto Sanga,1.81,19/10/2025 03:00,'1-1,FALSO
Primera B Nacional,Talleres Remedios de Escalada have Lost their last 6 away league matches,Away vs Almirante Brown,1.81,05/10/2025 15:30,'2-1,FALSO
League Two,Walsall have had BTTS in their last 6 league matches,Away vs Cheltenham,1.83,25/10/2025 08:30,'1-0,FALSO
1. Lig,Hatayspor have had BTTS in their last 6 league matches,Away vs Iğdır FK,1.83,23/09/2025 14:00,'4-2,FALSO
1. Lig,Hatayspor have had BTTS in their last 6 league matches,Away vs Iğdır FK,1.83,23/09/2025 14:00,'0-0,FALSO
Paraguay Division Profesional,Cerro Porteno have had BTTS in their last 6 away league matches,Away vs Sportivo Luqueno,1.83,27/09/2025 17:00,'0-1,FALSO
Liga 1,CFR Cluj have had BTTS in their last 6 league matches,Away vs Universitatea Cluj,1.83,28/09/2024 08:00,'2-2,FALSO
Liga 1,CFR Cluj have had BTTS in their last 6 league matches,Away vs Universitatea Cluj,1.83,29/09/2025 15:00,'0-2,FALSO
K League 2,Jeonnam Dragons have had BTTS in their last 6 league matches,Home vs Ansan Greeners,1.83,12/10/2025 02:00,'0-1,FALSO
Ekstraklasa,Zaglebie Lubin have had Over 2.5 Match Goals in their last 6 league matches,Away vs Radomiak Radom,1.85,04/10/2025 12:30,'3-1,VERDADEIRO
K League 2,Bucheon 1995 have had Over 2.5 Match Goals in their last 6 away league matches,Away vs Cheongju,1.85,25/10/2025 04:30,'0-0,FALSO
1. HNL,Slaven Koprivnica have had Over 2.5 Match Goals in their last 7 league matches,Home vs Osijek,1.85,04/10/2025 13:00,'2-1,VERDADEIRO
Czech Liga,Karvina have had Over 2.5 Match Goals in their last 7 league matches,Away vs Pardubice,1.85,04/10/2025 10:00,'2-1,VERDADEIRO
Finnish Veikkausliiga,KTP have Lost their last 7 league matches,Away vs Oulu,1.85,27/09/2025 11:00,'0-2,FALSO
USL Championship,Orange County have had Over 2.5 Match Goals in their last 10 home league matches,Home vs Charleston Battery,1.85,27/09/2025 23:00,,VERDADEIRO
Segunda Division,Santander have had Over 2.5 Match Goals in their last 7 league matches,Home vs Malaga,1.85,05/10/2025 13:30,'3-0,VERDADEIRO
Primera Division,Los Chankas have had Over 2.5 Match Goals in their last 8 league matches,Away vs UTC Cajamarca,1.85,29/09/2025 15:00,'0-3,VERDADEIRO
K League 1,Daegu have had Over 2.5 Match Goals in their last 13 away league matches,Away vs Gwangju,1.85,04/10/2025 02:00,'2-3,VERDADEIRO
Serie A,SE Palmeiras have had Over 2.5 Match Goals in their last 6 home league matches,Home vs Bragantino,1.85,15/10/2025 19:00,'5-1,VERDADEIRO
Liga MX,Toluca have Won their last 7 league matches,Away vs Tijuana,1.86,23/10/2025 00:00,'0-0,FALSO
Super league,Wuhan Three Towns have Lost their last 6 away league matches,Away vs Dalian Yingbo,1.86,19/10/2025 04:30,'0-0,FALSO
Portugese Liga NOS,Porto have Won their last 7 league matches,Home vs Benfica,1.86,05/10/2025 17:15,'0-0,FALSO
League One,Chongqing Tongliang Long have had Over 2.5 Match Goals in their last 6 away league matches,Away vs Guangxi Baoyun,1.9,05/10/2025 08:30,'1-2,VERDADEIRO
League One,Chongqing Tongliang Long have had Over 2.5 Match Goals in their last 6 away league matches,Away vs Guangxi Baoyun,1.9,05/10/2025 08:30,'1-2,FALSO
K League 1,Seoul have had Over 2.5 Match Goals in their last 6 league matches,Home vs Jeonbuk Motors,1.9,27/09/2025 07:00,'0-0,FALSO
Northern Ireland Premiership,Larne have Won their last 6 league matches,Away vs Dungannon Swifts,1.9,04/10/2025 11:00,,FALSO
Northern Ireland Premiership,Glenavon have Lost their last 9 league matches,Away vs Portadown,1.9,04/10/2025 13:30,,VERDADEIRO
Serie A,Bragantino have had BTTS in their last 6 home league matches,Home vs Gremio,1.91,04/10/2025 18:30,'1-0,FALSO
J League 2,Sagan Tosu have had BTTS in their last 6 league matches,Away vs Renofa Yamaguchi,1.91,05/10/2025 02:00,'1-2,FALSO
J League 2,Sagan Tosu have had BTTS in their last 6 league matches,Away vs Renofa Yamaguchi,1.91,05/10/2025 02:00,'1-2,VERDADEIRO
Liga 1,Csikszereda have had BTTS in their last 6 home league matches,Home vs Petrolul 52,1.91,24/10/2025 11:30,'1-1,VERDADEIRO
Championship,Hull have had Over 2.5 Match Goals in their last 7 league matches,Home vs Sheffield United,1.91,04/10/2025 08:30,'1-0,FALSO
Super League,Wuhan Three Towns have Lost their last 6 away league matches,Away vs Dalian Yingbo,1.91,19/10/2025 04:30,'0-0,FALSO
La Liga,Celta have had BTTS in their last 8 league matches,Away vs Osasuna,1.91,26/10/2025 14:30,'2-3,VERDADEIRO
Primera Division,Alianza Lima have had Over 2.5 Match Goals in their last 6 league matches,Away vs Sport Huancayo,1.95,20/10/2025 15:15,'1-2,VERDADEIRO
Norwegian Eliteserien,Stromsgodset IF have had Over 2.5 Match Goals in their last 6 league matches,Home vs KFUM,1.95,05/10/2025 12:00,,FALSO
Liga de Expansion MX,Morelia have had Over 2.5 Match Goals in their last 6 league matches,Home vs Atlante,1.95,27/09/2025 22:00,'0-2,FALSO
USL Championship,Tampa Bay Rowdies have had Over 2.5 Match Goals in their last 7 league matches,Home vs Detroit City,1.95,25/10/2025 20:30,'1-1,FALSO
Swedish Superettan,Utsikten have Lost their last 6 away league matches,Away vs Sandviken,1.95,25/10/2025 10:00,'3-1,VERDADEIRO
Primera B,Concepcion have had Over 2.5 Match Goals in their last 6 league matches,Away vs Santiago Wanderers,1.95,11/10/2025 20:00,'2-0,FALSO
Serie A,Internacional RS have had BTTS in their last 11 league matches,Home vs Botafogo FR,1.95,04/10/2025 18:30,'2-0,FALSO
Serie A,Internacional RS have had BTTS in their last 6 away league matches,Away vs EC Bahia,1.95,22/10/2025 19:00,'1-0,FALSO
League One,Shenzhen Juniors have had Over 2.5 Match Goals in their last 8 league matches,Home vs Dalian Huayi,1.95,27/09/2025 08:30,,VERDADEIRO
First Division B,SK Beveren have Won their last 6 league matches,Away vs RFC Liege,1.95,24/09/2025 15:00,'1-2,FALSO
Northern Ireland Premiership,Portadown have had Over 2.5 Match Goals in their last 6 league matches,Home vs Glenavon,1.95,04/10/2025 13:30,,VERDADEIRO
Serie A,Internacional RS have had BTTS in their last 9 league matches,Away vs Juventude,1.95,27/09/2025 18:30,'1-1,VERDADEIRO
Serie A,Internacional RS have had BTTS in their last 6 home league matches,Home vs Botafogo FR,1.95,04/10/2025 18:30,'2-0,FALSO
Serie A,Internacional RS have had BTTS in their last 8 league matches,Home vs Gremio,"2,05",21/09/2025 17:30,'2-3,FALSO
Serie A,Internacional RS have had BTTS in their last 8 league matches,Home vs Gremio,"2,05",21/09/2025 17:30,'2-3,VERDADEIRO
Serie A,"Internacional RS have had Over 2,5 Match Goals in their last 6 league matches",Home vs Gremio,"2,2",21/09/2025 17:30,'2-3,FALSO
Serie A,"Internacional RS have had Over 2,5 Match Goals in their last 6 league matches",Home vs Gremio,"2,2",21/09/2025 17:30,'2-3,VERDADEIRO
Liga MX,Monterrey have Won their last 7 league matches,Home vs America,"2,4",21/09/2025 00:05,'2-2,FALSO
K League 2,Ansan Greeners have Lost their last 8 league matches,Home vs Cheongju,"2,45",21/09/2025 04:30,'0-0,FALSO
J League,Albirex Niigata have Lost their last 7 away league matches,Away vs Yokohama,"2,45",20/09/2025 06:00,'1-0,VERDADEIRO
Premier League,Cavalry have had Over 2.5 Match Goals in their last 6 league matches,Away vs Atletico Ottawa,2.0,27/09/2025 14:00,,VERDADEIRO
Serie B,Cesena have had BTTS in their last 6 league matches,Home vs Reggiana,2.0,04/10/2025 14:30,'1-2,VERDADEIRO
J League,Shonan Bellmare have had BTTS in their last 7 home league matches,Home vs Tokyo Verdy,2.0,03/10/2025 07:00,'0-1,FALSO
Liga 1,CFR Cluj have had BTTS in their last 7 league matches,Home vs Hermannstadt,2.0,05/10/2025 09:00,'2-1,FALSO
Liga 1,CFR Cluj have had BTTS in their last 9 league matches,Away vs Petrolul 52,2.0,20/10/2025 14:30,'1-0,FALSO
Liga 1,CFR Cluj have had BTTS in their last 7 league matches,Home vs Hermannstadt,2.0,05/10/2025 09:00,'2-1,VERDADEIRO
Super Liga,Čukarički have had BTTS in their last 8 league matches,Home vs Javor Ivanjica,2.0,05/10/2025 10:30,'1-0,FALSO
Norwegian 1. Division,Lyn have Won their last 6 away league matches,Away vs Hodd,2.0,29/09/2025 14:00,'0-1,VERDADEIRO
K League 2,Incheon United have had BTTS in their last 6 home league matches,Home vs Gyeongnam,2.0,26/10/2025 02:00,'3-0,FALSO
Norwegian 1. Division,Hodd have had BTTS in their last 8 away league matches,Away vs Lillestrom,2.0,04/10/2025 11:00,'0-4,FALSO
Liga 1,CFR Cluj have had BTTS in their last 7 league matches,Home vs Hermannstadt,2.0,05/10/2025 09:00,'0-2,FALSO
Norwegian 1. Division,Lyn have Won their last 6 away league matches,Away vs Hodd,2.0,28/09/2024 10:00,'0-1,VERDADEIRO
Liga 1,CFR Cluj have had BTTS in their last 7 league matches,Home vs Hermannstadt,2.0,05/10/2025 09:00,'0-2,VERDADEIRO
Swedish Superettan,Orgryte have Won their last 6 away league matches,Away vs Trelleborg,2.0,25/09/2025 14:00,,VERDADEIRO
J League,Shonan Bellmare have Lost their last 7 away league matches,Away vs Yokohama,2.01,28/09/2024 08:00,'1-0,VERDADEIRO
Chile Primera Division,Universidad Catolica have Won their last 6 league matches,Home vs Universidad Chile,2.01,26/10/2025 12:30,'1-0,VERDADEIRO
J League,Shonan Bellmare have Lost their last 7 away league matches,Away vs Yokohama,2.01,28/09/2025 05:00,'1-0,VERDADEIRO
National League,Truro City have Lost their last 6 away league matches,Away vs Woking,2.05,04/10/2025 11:00,'2-2,FALSO
Serie A,Fortaleza have had BTTS in their last 6 away league matches,Away vs Cruzeiro,2.05,18/10/2025 21:00,'3-1,VERDADEIRO
Serie A,EC Bahia have had BTTS in their last 6 away league matches,Away vs Sao Paulo,2.05,25/10/2025 21:30,'2-0,FALSO
1. Liga,Ruch Chorzow have had Over 2.5 Match Goals in their last 6 league matches,Away vs Odra Opole,2.1,24/10/2025 15:30,'1-1,FALSO
Colombia Primera A,Independiente Medellin have had Over 2.5 Match Goals in their last 7 league matches,Away vs Once Caldas,2.1,13/10/2025 19:15,'1-5,VERDADEIRO
Primera B,Concepcion have had Over 2.5 Match Goals in their last 7 league matches,Home vs San Luis,2.1,19/10/2025 17:30,'3-0,VERDADEIRO
Colombia Primera A,Boyaca Chico have Lost their last 7 away league matches,Away vs Envigado,2.1,25/10/2025 16:00,'0-2,FALSO
National League,Halifax have had Over 2.5 Match Goals in their last 6 league matches,Home vs Brackley Town,2.1,04/10/2025 11:00,'2-0,FALSO
National league,Truro City have Lost their last 6 away league matches,Away vs Woking,2.1,04/10/2025 11:00,'2-2,FALSO
League One,Blackpool have Lost their last 6 away league matches,Away vs Peterboro,2.15,25/10/2025 11:00,'1-2,FALSO
Swedish Allsvenskan,GAIS have had Over 2.5 Match Goals in their last 6 away league matches,Away vs AIK,2.15,28/09/2025 11:30,,FALSO
Super League,Shenzhen Peng City have Lost their last 7 away league matches,Away vs Wuhan Three Towns,2.15,24/10/2025 08:35,'1-2,FALSO
Serie A,Internacional RS have had Over 2.5 Match Goals in their last 6 league matches,Home vs Gremio,2.15,21/09/2025 17:30,'2-3,VERDADEIRO
USL Championship,Louisville City have Won their last 6 away league matches,Away vs Detroit City,2.2,27/09/2025 20:00,,VERDADEIRO
Chile Primera Division,Coquimbo Unido have Won their last 11 league matches,Home vs Colo-Colo,2.2,19/10/2025 12:30,'1-0,VERDADEIRO
Meistriliiga,Levadia have had BTTS in their last 8 league matches,Home vs Tammeka,2.2,05/10/2025 08:30,'6-0,FALSO
Tweede Divisie,ACV have Lost their last 6 league matches,Home vs Barendrecht,2.2,04/10/2025 09:30,,VERDADEIRO
Premier League,Vancouver FC have had BTTS in their last 6 league matches,Away vs Atletico Ottawa,2.25,12/10/2025 16:00,,FALSO
La Liga,Real Madrid have Won their last 6 league matches,Away vs Ath Madrid,2.25,27/09/2025 11:15,'0-5,FALSO
Serie A,Internacional RS have had Over 2.5 Match Goals in their last 7 league matches,Away vs Juventude,2.25,27/09/2025 18:30,'1-1,FALSO
Primera Division,Platense have had BTTS in their last 6 league matches,Away vs Atletico Tucuman,2.25,04/10/2025 19:00,'2-0,FALSO
Eredivisie,Heracles Almelo have Lost their last 6 league matches,Home vs Sparta Rotterdam,2.3,27/09/2025 16:00,'3-0,FALSO
Primera Division,Universitario have Won their last 6 league matches,Away vs Sporting Cristal,2.3,23/10/2025 22:00,'0-1,VERDADEIRO
US MLS,Los Angeles FC have Won their last 6 league matches,Away vs Austin,2.35,12/10/2025 20:00,'1-0,FALSO
J League,Shonan Bellmare have Lost their last 6 league matches,Home vs Tokyo Verdy,2.35,03/10/2025 07:00,'0-1,VERDADEIRO
Northern Ireland Premiership,Glenavon have Lost their last 8 league matches,Home vs Crusaders,2.37,27/09/2025 11:00,,VERDADEIRO
Primera Division,Racing have had Over 2.5 Match Goals in their last 6 away league matches,Away vs Cerro Largo,2.4,25/10/2025 18:30,'2-2,VERDADEIRO
Superliga,AGF Aarhus have Won their last 6 league matches,Away vs FC Nordsjaelland,2.4,28/09/2025 13:00,'1-2,VERDADEIRO
K league 2,Ansan Greeners have Lost their last 8 league matches,Home vs Cheongju,2.55,21/09/2025 04:30,'0-0,FALSO
First Division B,SK Beveren have Won their last 8 league matches,Away vs Kortrijk,2.55,05/10/2025 11:00,'1-3,VERDADEIRO
First Division B,SK Beveren have Won their last 9 league matches,Away vs K. Beerschot V.A.,2.63,17/10/2025 15:00,'1-1,FALSO
Serie B,Athletico PR have Won their last 7 league matches,Away vs Atletico GO,2.65,05/10/2025 20:30,'3-0,FALSO
First Division B,SK Beveren have Won their last 8 league matches,Away vs Kortrijk,2.7,05/10/2025 11:00,'1-3,FALSO
Swedish Superettan,Brage have Lost their last 6 league matches,Home vs Helsingborg,2.7,25/10/2025 10:00,'3-2,FALSO
Pro League,Dender have Lost their last 6 league matches,Home vs La Louviere,2.7,28/09/2025 14:15,'0-0,FALSO
Pro League,Dender have Lost their last 6 league matches,Home vs La Louviere,2.7,28/09/2024 14:15,'0-0,FALSO
Superliga,AGF Aarhus have Won their last 8 league matches,Away vs Brondby IF,2.82,19/10/2025 11:00,'3-3,FALSO
Turkish Super Lig,Fatih Karagumruk have Lost their last 6 league matches,Home vs Kayserispor,2.95,24/10/2025 14:00,'2-2,FALSO
US MLS,Charlotte have Won their last 9 league matches,Away vs New York City,"3,6",20/09/2025 13:00,,FALSO
Meistriliiga,Flora have Won their last 6 league matches,Home vs Levadia,3.0,24/09/2025 13:00,'2-3,FALSO
Championship,Sheffield United have Lost their last 6 league matches,Away vs Oxford,3.0,27/09/2025 11:00,'0-1,FALSO
Meistriliiga,Flora have Won their last 7 home league matches,Home vs Levadia,3.0,24/09/2025 13:00,'2-3,FALSO
League One,Heilongjiang Lava Spring have Won their last 6 home league matches,Home vs Nantong Zhiyun,3.1,12/10/2025 08:30,'0-1,FALSO
League One,Heilongjiang Lava Spring have Won their last 6 home league matches,Home vs Nantong Zhiyun,3.1,12/10/2025 08:30,'1-1,FALSO
Colombia Primera A,Envigado have Drew their last 6 home league matches,Home vs Atletico Bucaramanga,3.2,04/10/2025 16:00,'1-2,FALSO
Primera Division,Deportivo Riestra have Won their last 6 home league matches,Home vs Velez Sarsfield,3.25,06/10/2025 19:00,,FALSO
US MLS,Nashville SC (MLS)have Lost their last 6 away league matches,Away vs CF Montreal,3.3,04/10/2025 15:30,,FALSO
Serie B,Catanzaro have Drew their last 6 league matches,Away vs Monza,3.5,04/10/2025 10:00,'0-2,FALSO
Norwegian 1. Division,Raufoss have Lost their last 6 league matches,Away vs Skeid,3.75,25/10/2025 09:00,'1-4,FALSO
US MLS,Toronto have Drew their last 6 league matches,Home vs Club Internacional de Futbol Miami,4.2,27/09/2025 17:30,,VERDADEIRO
US MLS,Toronto have Drew their last 7 league matches,Away vs Chicago Fire,4.33,04/10/2025 21:30,,VERDADEIRO
Norwegian 1. Division,Lyn have Won their last 7 away league matches,Away vs Lillestrom,7.0,17/10/2025 14:00,'5-1,FALSO
Toppserien,Brann W have Won their last 10 league matches,Away vs Valerenga W,,12/10/2025 12:00,'2-4,VERDADEIRO
Toppserien,Brann W have Won their last 6 away league matches,Away vs Valerenga W,,12/10/2025 12:00,'2-4,VERDADEIRO
US NWSL,Chicago Red Stars W have had BTTS in their last 8 home league matches,Home vs Utah Royals W,,05/10/2025 17:00,'2-2,VERDADEIRO
Allsvenskan Women,Pitea W have Lost their last 6 home league matches,Home vs Djurgarden W,,05/10/2025 10:00,'0-0,FALSO
Allsvenskan Women,Pitea W have had Over 2.5 Match Goals in their last 7 home league matches,Home vs Djurgarden W,,05/10/2025 10:00,'0-0,FALSO
Premier League,Dynamo Kyiv have had BTTS in their last 6 league matches,Home vs Metalist 1925 Kharkiv,,05/10/2025 09:30,'1-1,VERDADEIRO
Premier League,Gazovik Orenburg have had BTTS in their last 6 league matches,Home vs Rostov,,05/10/2025 06:00,'0-1,FALSO
Premier League,Gazovik Orenburg have had Over 2.5 Match Goals in their last 6 league matches,Home vs Rostov,,05/10/2025 06:00,'0-1,FALSO
Honduras Liga Nacional,Olancho have had BTTS in their last 8 league matches,Away vs Victoria,,04/10/2025 20:15,'2-2,VERDADEIRO
Super League,Meizhou Hakka have had Over 2.5 Match Goals in their last 12 home league matches,Home vs Qingdao Hainiu,,04/10/2025 08:00,'1-0,FALSO
1. Lig,Adana Demirspor have Lost their last 7 league matches,Away vs Pendikspor,,04/10/2025 07:30,'3-0,VERDADEIRO
1. Lig,Adana Demirspor have had Over 2.5 Match Goals in their last 8 league matches,Away vs Pendikspor,,04/10/2025 07:30,'3-0,VERDADEIRO
Allsvenskan Women,Linkoping W have had Over 2.5 Match Goals in their last 8 home league matches,Home vs AIK W,,17/10/2025 14:00,'1-4,VERDADEIRO
Allsvenskan Women,Linkoping W have had Over 2.5 Match Goals in their last 8 league matches,Home vs AIK W,,17/10/2025 14:00,'1-4,VERDADEIRO
Super League,Shanghai Port have had BTTS in their last 11 league matches,Away vs Qingdao Hainiu,,17/10/2025 07:00,'3-4,VERDADEIRO
Super League,Shanghai Port have had BTTS in their last 8 away league matches,Away vs Qingdao Hainiu,,17/10/2025 07:00,'3-4,VERDADEIRO
Super League,Shanghai Port have had Over 2.5 Match Goals in their last 8 away league matches,Away vs Qingdao Hainiu,,17/10/2025 07:00,'3-4,VERDADEIRO
Toppserien,Brann W have Won their last 9 league matches,Home vs Lyn W,,03/10/2025 13:00,'9-0,VERDADEIRO
Vysshaya Liga,Dinamo Minsk have Won their last 9 home league matches,Home vs Isloch,,28/09/2025 13:30,,VERDADEIRO
Vysshaya Liga,Dinamo Minsk have had Over 2.5 Match Goals in their last 6 league matches,Home vs Isloch,,28/09/2025 13:30,,VERDADEIRO
Super Liga,Čukarički have had BTTS in their last 7 league matches,Away vs Mladost Lučani,,28/09/2025 12:00,'1-1,VERDADEIRO
Meistriliiga,Levadia have had BTTS in their last 7 league matches,Home vs Tallinna Kalev,,28/09/2025 11:00,,VERDADEIRO
Meistriliiga,Levadia have had Over 2.5 Match Goals in their last 7 league matches,Home vs Tallinna Kalev,,28/09/2025 11:00,,VERDADEIRO
Meistriliiga,Tallinna Kalev have Lost their last 6 league matches,Away vs Levadia,,28/09/2025 11:00,'3-1,VERDADEIRO
Allsvenskan Women,Vaxjo W have had Over 2.5 Match Goals in their last 8 league matches,Home vs Hammarby W,,28/09/2025 11:00,,VERDADEIRO
Allsvenskan Women,Linkoping W have Lost their last 6 away league matches,Away vs Djurgarden W,,28/09/2025 10:00,,VERDADEIRO
Allsvenskan Women,Brommapojkarna W have had BTTS in their last 7 league matches,Away vs Rosengard W,,28/09/2025 08:00,,VERDADEIRO
Allsvenskan Women,Brommapojkarna W have had Over 2.5 Match Goals in their last 7 league matches,Away vs Rosengard W,,28/09/2025 08:00,,VERDADEIRO
Allsvenskan Women,Pitea W have had Over 2.5 Match Goals in their last 6 home league matches,Home vs Vittsjo W,,28/09/2025 08:00,'2-3,VERDADEIRO
Allsvenskan Women,Rosengard W have had Over 2.5 Match Goals in their last 6 league matches,Home vs Brommapojkarna W,,28/09/2025 08:00,,VERDADEIRO
Honduras Liga Nacional,Olancho have had BTTS in their last 7 league matches,Home vs Real Espana,,27/09/2025 22:30,'0-1,FALSO
Serie C,Ponte Preta have Won their last 6 league matches,Home vs Nautico,,27/09/2025 17:00,'0-1,FALSO
Finnish Ykkosliiga,SalPa have had Over 2.5 Match Goals in their last 9 away league matches,Away vs Klubi-04,,27/09/2025 13:30,'1-0,FALSO
Iceland 1 Deild,HK have had Over 2.5 Match Goals in their last 10 away league matches,Away vs Keflavik,,27/09/2025 13:15,'4-0,VERDADEIRO
Iceland 1 Deild,Keflavik have had Over 2.5 Match Goals in their last 7 home league matches,Home vs HK,,27/09/2025 13:15,'4-0,VERDADEIRO
Iceland 1 Deild,Keflavik have had Over 2.5 Match Goals in their last 9 league matches,Home vs HK,,27/09/2025 13:15,'4-0,VERDADEIRO
Premier League,Lokomotiv M have had BTTS in their last 8 league matches,Home vs Rubin Kazan,,27/09/2025 10:30,'1-0,FALSO
Allsvenskan Women,Alingsas W have Lost their last 9 away league matches,Away vs Norrkoping W,,27/09/2025 10:00,,VERDADEIRO
Tweede Divisie,HHC have Won their last 6 league matches,Away vs Spakenburg,,27/09/2025 10:00,'2-3,FALSO
Vysshaya Liga,Vitebsk have Lost their last 6 league matches,Away vs Slutsk,,27/09/2025 09:00,'0-1,FALSO
Premier League,Dynamo Kyiv have had BTTS in their last 8 league matches,Home vs Kryvbas Kryvyi Rih,,26/10/2025 13:00,'4-0,FALSO
Premier League,Lokomotiv M have had BTTS in their last 6 away league matches,Away vs Akron,,26/10/2025 07:00,'1-1,VERDADEIRO
Iceland Besta Deildin,KA Akureyri have had BTTS in their last 6 league matches,Away vs IBV,,25/10/2025 11:00,'3-4,VERDADEIRO
Vysshaya Liga,Naftan have had Over 2.5 Match Goals in their last 6 home league matches,Home vs Dinamo Minsk,,25/10/2025 08:00,'1-3,VERDADEIRO
League One,Shenzhen Juniors have had Over 2.5 Match Goals in their last 6 home league matches,Home vs Suzhou Dongwu,,25/10/2025 04:30,'0-2,FALSO
Liga Pro Serie B,Chacaritas have had BTTS in their last 7 league matches,Away vs Vargas Torres,,25/09/2025 17:30,'0-0,FALSO
Toppserien,Kolbotn W have Lost their last 7 league matches,Home vs Stabaek W,,25/09/2025 13:00,'1-0,FALSO
Eerste Divisie,RKC Waalwijk have had BTTS in their last 6 league matches,Home vs SC Cambuur,,24/10/2025 15:00,'4-2,VERDADEIRO
Finnish Ykkosliiga,SJK Akatemia have had BTTS in their last 6 league matches,Away vs Klubi-04,,24/09/2025 14:00,'1-4,FALSO
Finnish Ykkosliiga,SJK Akatemia have had BTTS in their last 8 away league matches,Away vs Klubi-04,,24/09/2025 14:00,'1-4,FALSO
Finnish Ykkosliiga,SJK Akatemia have had Over 2.5 Match Goals in their last 8 away league matches,Away vs Klubi-04,,24/09/2025 14:00,'1-4,FALSO
Meistriliiga,Flora have had Over 2.5 Match Goals in their last 6 league matches,Home vs Levadia,,24/09/2025 13:00,'2-3,FALSO
Meistriliiga,Levadia have had BTTS in their last 6 league matches,Away vs Flora,,24/09/2025 13:00,'1-2,FALSO
Meistriliiga,Levadia have had Over 2.5 Match Goals in their last 6 league matches,Away vs Flora,,24/09/2025 13:00,'1-2,FALSO
Toppserien,Valerenga W have Won their last 7 home league matches,Home vs Lyn W,,24/09/2025 13:00,,VERDADEIRO
Iceland Besta Deildin,Valur have had BTTS in their last 6 home league matches,Home vs Breidablik,,22/09/2025 16:15,'1-1,VERDADEIRO
Iceland Besta Deildin,Valur have had BTTS in their last 8 league matches,Home vs Breidablik,,22/09/2025 16:15,'1-1,VERDADEIRO
Iceland Besta Deildin,"Valur have had Over 2,5 Match Goals in their last 8 home league matches",Home vs Breidablik,,22/09/2025 16:15,'1-1,FALSO
Iceland Besta Deildin,"Valur have had Over 2,5 Match Goals in their last 8 league matches",Home vs Breidablik,,22/09/2025 16:15,'1-1,FALSO
Venezuela Primera Division,Deportivo Tachira have Won their last 8 home league matches,Home vs Academia Puerto Cabello,,21/09/2025 20:30,'0-0,FALSO
Honduras Liga Nacional,Olancho have had BTTS in their last 6 league matches,Home vs Atletico Choloma,,21/09/2025 18:00,'6-2,VERDADEIRO
Venezuela Primera Division,Yaracuyanos have Lost their last 6 away league matches,Away vs Deportivo La Guaira,,21/09/2025 18:00,'4-0,FALSO
Venezuela Primera Division,Yaracuyanos have Lost their last 6 away league matches,Away vs Deportivo La Guaira,,21/09/2025 18:00,'4-0,VERDADEIRO
Iceland Besta Deildin,FH have had BTTS in their last 7 league matches,Away vs Stjarnan,,21/09/2025 16:15,,FALSO
Iceland Besta Deildin,Stjarnan have had BTTS in their last 7 home league matches,Home vs FH,,21/09/2025 16:15,'0-0,FALSO
Iceland Besta Deildin,"Stjarnan have had Over 2,5 Match Goals in their last 7 home league matches",Home vs FH,,21/09/2025 16:15,'0-0,FALSO
Iceland Besta Deildin,Afturelding have had BTTS in their last 12 league matches,Away vs IBV,,21/09/2025 13:00,'1-1,FALSO
Iceland Besta Deildin,Afturelding have had BTTS in their last 6 away league matches,Away vs IBV,,21/09/2025 13:00,'1-1,VERDADEIRO
Iceland Besta Deildin,"Afturelding have had Over 2,5 Match Goals in their last 6 away league matches",Away vs IBV,,21/09/2025 13:00,'1-1,FALSO
Super Liga,Čukarički have had BTTS in their last 6 league matches,Home vs Bačka Topola,,21/09/2025 13:00,'4-2,FALSO
Toppserien,Brann W have Won their last 8 league matches,Away vs LSK Kvinner W,,21/09/2025 12:00,'1-5,FALSO
Toppserien,Brann W have Won their last 8 league matches,Away vs LSK Kvinner W,,21/09/2025 12:00,'1-5,VERDADEIRO
Toppserien,Kolbotn W have Lost their last 6 league matches,Away vs Valerenga W,,21/09/2025 12:00,'4-0,VERDADEIRO
Iceland 1 Deild,"HK have had Over 2,5 Match Goals in their last 9 away league matches",Away vs Throttur Reykjavik,,21/09/2025 11:00,'2-3,FALSO
Iceland 1 Deild,"Keflavik have had Over 2,5 Match Goals in their last 8 league matches",Away vs Njardvik,,21/09/2025 11:00,'0-3,VERDADEIRO
Iceland 1 Deild,Keflavik have had Over 2.5 Match Goals in their last 8 league matches,Away vs Njardvik,,21/09/2025 11:00,'0-3,VERDADEIRO
Iceland 1 Deild,"Njardvik have had Over 2,5 Match Goals in their last 10 league matches",Home vs Keflavik,,21/09/2025 11:00,'0-3,VERDADEIRO
Iceland 1 Deild,"Njardvik have had Over 2,5 Match Goals in their last 7 home league matches",Home vs Keflavik,,21/09/2025 11:00,'0-3,VERDADEIRO
Iceland 1 Deild,Njardvik have had Over 2.5 Match Goals in their last 10 league matches,Home vs Keflavik,,21/09/2025 11:00,'0-3,VERDADEIRO
Iceland 1 Deild,Njardvik have had Over 2.5 Match Goals in their last 7 home league matches,Home vs Keflavik,,21/09/2025 11:00,'0-3,VERDADEIRO
Iceland 1 Deild,Throttur Reykjavik have had BTTS in their last 11 home league matches,Home vs HK,,21/09/2025 11:00,'2-3,VERDADEIRO
Iceland 1 Deild,Throttur Reykjavik have had BTTS in their last 15 league matches,Home vs HK,,21/09/2025 11:00,'2-3,VERDADEIRO
Iceland 1 Deild,"Throttur Reykjavik have had Over 2,5 Match Goals in their last 10 home league matches",Home vs HK,,21/09/2025 11:00,'2-3,VERDADEIRO
Iceland 1 Deild,"Throttur Reykjavik have had Over 2,5 Match Goals in their last 10 league matches",Home vs HK,,21/09/2025 11:00,'2-3,VERDADEIRO
Iceland 1 Deild,Throttur Reykjavik have had Over 2.5 Match Goals in their last 10 home league matches,Home vs HK,,21/09/2025 11:00,'2-3,VERDADEIRO
Iceland 1 Deild,Throttur Reykjavik have had Over 2.5 Match Goals in their last 10 league matches,Home vs HK,,21/09/2025 11:00,'2-3,VERDADEIRO
"3, Liga",Duisburg have Won their last 6 league matches,Away vs Havelse,,21/09/2025 08:30,'1-1,FALSO
"3, Liga","Duisburg have had Over 2,5 Match Goals in their last 6 league matches",Away vs Havelse,,21/09/2025 08:30,'1-1,FALSO
Eerste Divisie,Den Haag have Won their last 8 league matches,Away vs Jong PSV,,20/10/2025 15:00,'0-3,VERDADEIRO
Eerste Divisie,Den Haag have had Over 2.5 Match Goals in their last 6 league matches,Away vs Jong PSV,,20/10/2025 15:00,'0-3,VERDADEIRO
Eerste Divisie,RKC Waalwijk have had BTTS in their last 6 league matches,Away vs FC Dordrecht,,20/10/2025 15:00,'1-2,VERDADEIRO
US MLS,SJ Earthquakes have had BTTS in their last 13 home league matches,"Home vs St, Louis City",,20/09/2025 23:30,,FALSO
US MLS,SJ Earthquakes have had BTTS in their last 14 league matches,"Home vs St, Louis City",,20/09/2025 23:30,,FALSO
US MLS,"SJ Earthquakes have had Over 2,5 Match Goals in their last 9 league matches","Home vs St, Louis City",,20/09/2025 23:30,,FALSO
Liga de Expansion MX,Universidad Guadalajara have had BTTS in their last 6 league matches,Away vs Atlante,,20/09/2025 21:00,'0-3,FALSO
Premier League,Lokomotiv M have had BTTS in their last 7 league matches,Away vs Dynamo Makhachkala,,20/09/2025 13:30,,VERDADEIRO
Meistriliiga,Flora have Won their last 6 home league matches,Home vs Tammeka,,20/09/2025 11:00,'2-1,VERDADEIRO
Allsvenskan Women,Brommapojkarna W have had BTTS in their last 6 league matches,Home vs Kristianstads W,,20/09/2025 09:00,,VERDADEIRO
Allsvenskan Women,Brommapojkarna W have had BTTS in their last 9 home league matches,Home vs Kristianstads W,,20/09/2025 09:00,,VERDADEIRO
Allsvenskan Women,"Brommapojkarna W have had Over 2,5 Match Goals in their last 6 league matches",Home vs Kristianstads W,,20/09/2025 09:00,,VERDADEIRO
Allsvenskan Women,"Brommapojkarna W have had Over 2,5 Match Goals in their last 9 home league matches",Home vs Kristianstads W,,20/09/2025 09:00,,VERDADEIRO
League One,"Shaanxi Union have had Over 2,5 Match Goals in their last 8 home league matches",Home vs Yanbian Longding,,20/09/2025 08:00,,FALSO
Allsvenskan Women,"Vaxjo W have had Over 2,5 Match Goals in their last 6 away league matches",Away vs AIK W,,20/09/2025 08:00,,VERDADEIRO
Allsvenskan Women,"Vaxjo W have had Over 2,5 Match Goals in their last 7 league matches",Away vs AIK W,,20/09/2025 08:00,,VERDADEIRO
Toppserien,Brann W have Won their last 11 league matches,Away vs Kolbotn W,,19/10/2025 09:30,'1-5,VERDADEIRO
Toppserien,Brann W have Won their last 7 away league matches,Away vs Kolbotn W,,19/10/2025 09:30,'1-5,VERDADEIRO
Honduras Liga Nacional,Olancho have had BTTS in their last6league matches,Away vs Olimpia,,17/09/2025 22:30,'2-2,FALSO
Liga Pro Serie B,Chacaritas have had BTTS in their last6home league matches,Home vs Vinotinto,,17/09/2025 12:00,'2-2,FALSO
Liga Pro Serie B,Chacaritas have had BTTS in their last6league matches,Home vs Vinotinto,,17/09/2025 12:00,'2-2,FALSO
Toppserien,Valerenga W have Won their last 8 home league matches,Home vs Brann W,,12/10/2025 12:00,,FALSO
league One,Heilongjiang Lava Spring have Won their last 6 home league matches,Home vs Nantong Zhiyun,,12/10/2025 08:30,'1-1,FALSO
Primera Division Women,Barcelona W have Won their last 6 league matches,Away vs Atletico Madrid W,,12/10/2025 07:00,'0-6,VERDADEIRO
Liga Pro Serie B,Chacaritas have had BTTS in their last 7 home league matches,Home vs 22 de Julio,,08/10/2025 17:00,'0-1,FALSO
Allsvenskan Women,Vaxjo W have had Over 2.5 Match Goals in their last 7 away league matches,Away vs Norrkoping W,,05/10/2025 10:00,,FALSO
Allsvenskan Women,Vaxjo W have had Over 2.5 Match Goals in their last 9 league matches,Away vs Norrkoping W,,05/10/2025 10:00,,FALSO
Allsvenskan Women,Brommapojkarna W have had BTTS in their last 8 league matches,Away vs Linkoping W,,05/10/2025 09:00,,VERDADEIRO
Allsvenskan Women,Brommapojkarna W have had Over 2.5 Match Goals in their last 8 league matches,Away vs Linkoping W,,05/10/2025 09:00,,VERDADEIRO
Allsvenskan Women,Linkoping W have had Over 2.5 Match Goals in their last 6 league matches,Home vs Brommapojkarna W,,05/10/2025 09:00,,VERDADEIRO
Allsvenskan Women,Linkoping W have had Over 2.5 Match Goals in their last 7 home league matches,Home vs Brommapojkarna W,,05/10/2025 09:00,,VERDADEIRO
League One,Shenzhen Juniors have had Over 2.5 Match Goals in their last 9 league matches,Away vs Guangzhou E-Power,,05/10/2025 08:30,,FALSO
Premier league,Gazovik Orenburg have had BTTS in their last 6 league matches,Home vs Rostov,,05/10/2025 06:00,'0-1,FALSO
Premier league,Gazovik Orenburg have had Over 2.5 Match Goals in their last 6 league matches,Home vs Rostov,,05/10/2025 06:00,'0-1,FALSO
US NWSL,Bay FC W have had BTTS in their last 7 away league matches,Away vs Portland Thorns W,,04/10/2025 23:00,,VERDADEIRO
Liga de Expansion MX,Jaiba Brava have had BTTS in their last 6 league matches,Home vs Mineros de Zacatecas,,04/10/2025 22:00,,VERDADEIRO
Allsvenskan Women,Alingsas W have Lost their last 6 league matches,Home vs Hacken W,,04/10/2025 11:00,'0-2,VERDADEIRO
Allsvenskan Women,Hacken W have Won their last 7 away league matches,Away vs Alingsas W,,04/10/2025 11:00,'0-2,VERDADEIRO
Allsvenskan Women,Hacken W have had Over 2.5 Match Goals in their last 6 away league matches,Away vs Alingsas W,,04/10/2025 11:00,'0-2,FALSO
Vysshaya Liga,Dinamo Minsk have had BTTS in their last 6 league matches,Away vs Molodechno-DYuSSh 4,,04/10/2025 09:45,'1-3,FALSO
Vysshaya Liga,Dinamo Minsk have had Over 2.5 Match Goals in their last 7 league matches,Away vs Molodechno-DYuSSh 4,,04/10/2025 09:45,'1-3,FALSO
Super league,Dinamo Samarqand have had BTTS in their last 8 away league matches,Away vs Surkhon Termez,,04/10/2025 09:00,'0-2,FALSO
Allsvenskan Women,Rosengard W have Lost their last 6 league matches,Away vs Malmo FF W,,04/10/2025 08:00,'0-1,FALSO
Allsvenskan Women,Rosengard W have had Over 2.5 Match Goals in their last 7 league matches,Away vs Malmo FF W,,04/10/2025 08:00,'0-1,FALSO
