League;Stat;Next Match;Odds;Date;Situação;Tipo_Estatistica;Liga_Categoria;Probabilidade_Sucesso;Previsao;Padrao;Recomendacao;Analise_Detalhada
Swiss Super League;Zürich have had Over 2.5 Match Goalsin their last 6 league matches;ZÜRICH vs fc lugano;1.62;18/10/2025 15:30;FALSO;OVER_2.5;BAIXA_CONFIABILIDADE;0.656658630909644;VERDADEIRO;PADRAO_SOLIDO;BOA;PADRAO_SOLIDO: OVER_2.5 em 6 jogos (Odds: 1.62) [BONUS +10%] Previsao: MANTERA STREAK
Fortuna Liga;Žilina have had Over 2.5 Match Goalsin their last 8 league matches;ŽILINA vs dunajská streda;1.5;19/10/2025 13:00;VERDADEIRO;OVER_2.5;BAIXA_CONFIABILIDADE;0.9051241165404819;VERDADEIRO;PADRAO_FORTISSIMO;EXCELENTE;PADRAO_FORTISSIMO: OVER_2.5 em 8 jogos (Odds: 1.5) [BONUS +10%] Previsao: MANTERA STREAK
Ekstraklasa;Zaglebie Lubin have had Over 2.5 Match Goalsin their last 7 league matches;ZAGLEBIE LUBIN vs legia warsaw;1.8;19/10/2025 12:30;VERDADEIRO;OVER_2.5;BAIXA_CONFIABILIDADE;0.6818713706816297;VERDADEIRO;PADRAO_FORTE;BOA;PADRAO_FORTE: OVER_2.5 em 7 jogos (Odds: 1.8) [BONUS +10%] Previsao: MANTERA STREAK
Super League;Yunnan Yukun have had BTTS in their last 7 home league matches;YUNNAN YUKUN vs tianjin jinmen tiger;1.53;18/10/2025 09:00;FALSO;BTTS;BAIXA_CONFIABILIDADE;0.44891839963833635;FALSO;PADRAO_REGULAR;REGULAR;PADRAO_REGULAR: BTTS em 7 jogos (Odds: 1.53) [BONUS +10%] Previsao: INTERROMPERA STREAK
Super League;Yunnan Yukun have had BTTS in their last 12 league matches;YUNNAN YUKUN vs tianjin jinmen tiger;1.53;18/10/2025 09:00;FALSO;BTTS;BAIXA_CONFIABILIDADE;0.5423075396825398;FALSO;PADRAO_REGULAR;REGULAR;PADRAO_REGULAR: BTTS em 12 jogos (Odds: 1.53) [BONUS +10%] Previsao: INTERROMPERA STREAK
Super League;Wuhan Three Towns have Lost their last 6 away league matches;WUHAN THREE TOWNS vs dalian yingbo;1.76;19/10/2025 04:30;FALSO;DERROTA;BAIXA_CONFIABILIDADE;0.5694497710447078;FALSO;PADRAO_REGULAR;REGULAR;PADRAO_REGULAR: DERROTA em 6 jogos (Odds: 1.76) [BONUS +10%] Previsao: INTERROMPERA STREAK
Super League;Wuhan Three Towns have had Over 2.5 Match Goalsin their last 8 away league matches;WUHAN THREE TOWNS vs dalian yingbo;1.44;19/10/2025 04:30;FALSO;OVER_2.5;BAIXA_CONFIABILIDADE;0.5327975088820953;FALSO;PADRAO_REGULAR;REGULAR;PADRAO_REGULAR: OVER_2.5 em 8 jogos (Odds: 1.44) [BONUS +10%] Previsao: INTERROMPERA STREAK
Swiss Super League;Winterthur have had Over 2.5 Match Goalsin their last 6 league matches;WINTERTHUR vs basel;1.3;18/10/2025 13:00;VERDADEIRO;OVER_2.5;BAIXA_CONFIABILIDADE;0.7202740929705214;VERDADEIRO;PADRAO_FORTE;BOA;PADRAO_FORTE: OVER_2.5 em 6 jogos (Odds: 1.3) [BONUS +10%] Previsao: MANTERA STREAK
Norwegian Eliteserien;Viking FK have had BTTS in their last 6 away league matches;VIKING FK vs tromsø;1.53;19/10/2025 09:30;VERDADEIRO;BTTS;BAIXA_CONFIABILIDADE;0.6798826853526221;VERDADEIRO;PADRAO_SOLIDO;BOA;PADRAO_SOLIDO: BTTS em 6 jogos (Odds: 1.53) [BONUS +10%] Previsao: MANTERA STREAK
Bundesliga 2;VfL Bochum 1848 have Lost their last 6 league matches;VFL BOCHUM 1848 vs hertha;2.9;18/10/2025 15:30;FALSO;DERROTA;BAIXA_CONFIABILIDADE;0.38066341991342;FALSO;PADRAO_REGULAR;REGULAR;PADRAO_REGULAR: DERROTA em 6 jogos (Odds: 2.9) [BONUS +10%] Previsao: INTERROMPERA STREAK
Swedish Superettan;Västerås SK have Won their last 7 home league matches;VÄSTERÅS SK vs gif sundsvall;1.33;18/10/2025 08:00;VERDADEIRO;VITORIA;BAIXA_CONFIABILIDADE;0.5946005291005292;FALSO;PADRAO_SOLIDO;REGULAR;PADRAO_SOLIDO: VITORIA em 7 jogos (Odds: 1.33) [BONUS +10%] Previsao: INTERROMPERA STREAK
Swedish Superettan;Varbergs BoIS have had BTTS in their last 8 league matches;VARBERGS BOIS vs sandviken;1.62;18/10/2025 10:00;FALSO;BTTS;BAIXA_CONFIABILIDADE;0.37366244725738396;FALSO;PADRAO_REGULAR;REGULAR;PADRAO_REGULAR: BTTS em 8 jogos (Odds: 1.62) [BONUS +10%] Previsao: INTERROMPERA STREAK
Iceland Besta Deildin;Valur have had BTTS in their last 8 home league matches;VALUR vs fh;1.44;19/10/2025 16:15;VERDADEIRO;BTTS;MEDIA_CONFIABILIDADE;0.5278633884390465;FALSO;PADRAO_REGULAR;REGULAR;PADRAO_REGULAR: BTTS em 8 jogos (Odds: 1.44) [BONUS +15%] Previsao: INTERROMPERA STREAK
Liga Pro;Universidad Católica have had BTTS in their last 6 away league matches;UNIVERSIDAD CATÓLICA vs libertad;1.67;19/10/2025 20:00;VERDADEIRO;BTTS;BAIXA_CONFIABILIDADE;0.3080732607270684;FALSO;PADRAO_REGULAR;REGULAR;PADRAO_REGULAR: BTTS em 6 jogos (Odds: 1.67) [BONUS +10%] Previsao: INTERROMPERA STREAK
3. Liga;Ulm have had BTTS in their last 8 league matches;ULM vs energie cottbus;1.5;19/10/2025 08:30;VERDADEIRO;BTTS;BAIXA_CONFIABILIDADE;0.5812746406195773;FALSO;PADRAO_SOLIDO;REGULAR;PADRAO_SOLIDO: BTTS em 8 jogos (Odds: 1.5) [BONUS +10%] Previsao: INTERROMPERA STREAK
Segunda Division;UCV Moquegua have had BTTS in their last 8 away league matches;UCV MOQUEGUA vs unión comercio;;19/10/2025 17:15;VERDADEIRO;BTTS;BAIXA_CONFIABILIDADE;0.6883928987678986;VERDADEIRO;PADRAO_FORTE;BOA;PADRAO_FORTE: BTTS em 8 jogos (Odds: nan) [BONUS +10%] Previsao: MANTERA STREAK
1. Liga;Tychy 71 have Lost their last 6 league matches;TYCHY 71 vs wieczysta kraków;2.0;18/10/2025 14:30;FALSO;DERROTA;BAIXA_CONFIABILIDADE;0.7073015873015871;VERDADEIRO;PADRAO_FORTE;BOA;PADRAO_FORTE: DERROTA em 6 jogos (Odds: 2.0) [BONUS +10%] Previsao: MANTERA STREAK
Swedish Superettan;Trelleborg have had Over 2.5 Match Goalsin their last 7 away league matches;TRELLEBORG vs utsikten;1.85;19/10/2025 08:00;VERDADEIRO;OVER_2.5;BAIXA_CONFIABILIDADE;0.8691764648917875;VERDADEIRO;PADRAO_FORTISSIMO;EXCELENTE;PADRAO_FORTISSIMO: OVER_2.5 em 7 jogos (Odds: 1.85) [BONUS +10%] Previsao: MANTERA STREAK
Eerste Divisie;TOP Oss have had BTTS in their last 6 league matches;TOP OSS vs graafschap;1.57;18/10/2025 11:30;VERDADEIRO;BTTS;BAIXA_CONFIABILIDADE;0.8212761738086108;VERDADEIRO;PADRAO_FORTISSIMO;EXCELENTE;PADRAO_FORTISSIMO: BTTS em 6 jogos (Odds: 1.57) [BONUS +10%] Previsao: MANTERA STREAK
Liga MX;Toluca have Won their last 6 league matches;TOLUCA vs querétaro;1.17;18/10/2025 20:00;VERDADEIRO;VITORIA;BAIXA_CONFIABILIDADE;0.7952460317460316;VERDADEIRO;PADRAO_FORTISSIMO;EXCELENTE;PADRAO_FORTISSIMO: VITORIA em 6 jogos (Odds: 1.17) [BONUS +10%] Previsao: MANTERA STREAK
Liga MX;Toluca have had Over 2.5 Match Goalsin their last 6 league matches;TOLUCA vs querétaro;1.36;18/10/2025 20:00;VERDADEIRO;OVER_2.5;BAIXA_CONFIABILIDADE;0.95;VERDADEIRO;PADRAO_FORTISSIMO;EXCELENTE;PADRAO_FORTISSIMO: OVER_2.5 em 6 jogos (Odds: 1.36) [BONUS +10%] Previsao: MANTERA STREAK
Liga MX;Toluca have had BTTS in their last 6 home league matches;TOLUCA vs querétaro;1.8;18/10/2025 20:00;FALSO;BTTS;BAIXA_CONFIABILIDADE;0.512677946074401;FALSO;PADRAO_REGULAR;REGULAR;PADRAO_REGULAR: BTTS em 6 jogos (Odds: 1.8) [BONUS +10%] Previsao: INTERROMPERA STREAK
Bolivia Primera Division;The Strongest have Won their last 10 home league matches;THE STRONGEST vs independiente petrolero;1.25;17/10/2025 21:00;VERDADEIRO;VITORIA;BAIXA_CONFIABILIDADE;0.9430091991341991;VERDADEIRO;PADRAO_FORTISSIMO;EXCELENTE;PADRAO_FORTISSIMO: VITORIA em 10 jogos (Odds: 1.25) [BONUS +10%] Previsao: MANTERA STREAK
USL Championship;Tampa Bay Rowdies have had Over 2.5 Match Goalsin their last 6 league matches;TAMPA BAY ROWDIES vs hartford athletic;1.8;18/10/2025 20:30;VERDADEIRO;OVER_2.5;BAIXA_CONFIABILIDADE;0.5321964349706622;FALSO;PADRAO_REGULAR;REGULAR;PADRAO_REGULAR: OVER_2.5 em 6 jogos (Odds: 1.8) [BONUS +10%] Previsao: INTERROMPERA STREAK
Meistriliiga;Tallinna Kalev have Lost their last 8 league matches;TALLINNA KALEV vs flora;1.1;18/10/2025 13:00;VERDADEIRO;DERROTA;BAIXA_CONFIABILIDADE;0.8787599206349206;VERDADEIRO;PADRAO_FORTISSIMO;EXCELENTE;PADRAO_FORTISSIMO: DERROTA em 8 jogos (Odds: 1.1) [BONUS +10%] Previsao: MANTERA STREAK
National League;Sutton have had BTTS in their last 6 home league matches;SUTTON vs hartlepool;1.57;18/10/2025 13:30;VERDADEIRO;BTTS;BAIXA_CONFIABILIDADE;0.8212761738086108;VERDADEIRO;PADRAO_FORTISSIMO;EXCELENTE;PADRAO_FORTISSIMO: BTTS em 6 jogos (Odds: 1.57) [BONUS +10%] Previsao: MANTERA STREAK
Norwegian Eliteserien;Strømsgodset IF have had BTTS in their last 6 league matches;STRØMSGODSET IF vs fredrikstad;1.57;19/10/2025 14:15;FALSO;BTTS;BAIXA_CONFIABILIDADE;0.8212761738086108;VERDADEIRO;PADRAO_FORTISSIMO;EXCELENTE;PADRAO_FORTISSIMO: BTTS em 6 jogos (Odds: 1.57) [BONUS +10%] Previsao: MANTERA STREAK
Norwegian 1. Division;Sogndal have had BTTS in their last 8 home league matches;SOGNDAL vs ik start;1.5;18/10/2025 11:00;FALSO;BTTS;BAIXA_CONFIABILIDADE;0.5812746406195773;FALSO;PADRAO_SOLIDO;REGULAR;PADRAO_SOLIDO: BTTS em 8 jogos (Odds: 1.5) [BONUS +10%] Previsao: INTERROMPERA STREAK
1. HNL;Slaven Koprivnica have had Over 2.5 Match Goalsin their last 8 league matches;SLAVEN KOPRIVNICA vs rijeka;2.08;18/10/2025 10:30;FALSO;OVER_2.5;BAIXA_CONFIABILIDADE;0.8661424603174602;VERDADEIRO;PADRAO_FORTISSIMO;EXCELENTE;PADRAO_FORTISSIMO: OVER_2.5 em 8 jogos (Odds: 2.08) [BONUS +10%] Previsao: MANTERA STREAK
1. HNL;Slaven Koprivnica have had BTTS in their last 6 league matches;SLAVEN KOPRIVNICA vs rijeka;1.83;18/10/2025 10:30;VERDADEIRO;BTTS;BAIXA_CONFIABILIDADE;0.3573278933493481;FALSO;PADRAO_REGULAR;REGULAR;PADRAO_REGULAR: BTTS em 6 jogos (Odds: 1.83) [BONUS +10%] Previsao: INTERROMPERA STREAK
First Division B;SK Beveren have Won their last 9 league matches;SK BEVEREN vs k. beerschot v.a.;2.63;17/10/2025 15:00;FALSO;VITORIA;BAIXA_CONFIABILIDADE;0.5933382034632034;FALSO;PADRAO_SOLIDO;REGULAR;PADRAO_SOLIDO: VITORIA em 9 jogos (Odds: 2.63) [BONUS +10%] Previsao: INTERROMPERA STREAK
Finnish Veikkausliiga;SJK have had Over 2.5 Match Goalsin their last 9 away league matches;SJK vs gnistan;1.4;19/10/2025 10:00;VERDADEIRO;OVER_2.5;BAIXA_CONFIABILIDADE;0.7951091269841271;VERDADEIRO;PADRAO_FORTISSIMO;EXCELENTE;PADRAO_FORTISSIMO: OVER_2.5 em 9 jogos (Odds: 1.4) [BONUS +10%] Previsao: MANTERA STREAK
Finnish Veikkausliiga;SJK have had BTTS in their last 6 league matches;SJK vs gnistan;1.4;19/10/2025 10:00;VERDADEIRO;BTTS;BAIXA_CONFIABILIDADE;0.7313933792815372;VERDADEIRO;PADRAO_FORTE;BOA;PADRAO_FORTE: BTTS em 6 jogos (Odds: 1.4) [BONUS +10%] Previsao: MANTERA STREAK
US MLS;SJ Earthquakes have had BTTS in their last 14 home league matches;SJ EARTHQUAKES vs austin;;18/10/2025 22:00;VERDADEIRO;BTTS;BAIXA_CONFIABILIDADE;0.565163961038961;FALSO;PADRAO_REGULAR;REGULAR;PADRAO_REGULAR: BTTS em 14 jogos (Odds: nan) [BONUS +10%] Previsao: INTERROMPERA STREAK
J League;Shonan Bellmare have Lost their last 7 league matches;SHONAN BELLMARE vs kyoto sanga;1.79;19/10/2025 03:00;FALSO;DERROTA;BAIXA_CONFIABILIDADE;0.5062549797249164;FALSO;PADRAO_REGULAR;REGULAR;PADRAO_REGULAR: DERROTA em 7 jogos (Odds: 1.79) [BONUS +10%] Previsao: INTERROMPERA STREAK
Super League;Shanghai Port have had Over 2.5 Match Goalsin their last 8 away league matches;SHANGHAI PORT vs qingdao hainiu;1.4;17/10/2025 07:00;VERDADEIRO;OVER_2.5;BAIXA_CONFIABILIDADE;0.7940841389187255;VERDADEIRO;PADRAO_FORTISSIMO;EXCELENTE;PADRAO_FORTISSIMO: OVER_2.5 em 8 jogos (Odds: 1.4) [BONUS +10%] Previsao: MANTERA STREAK
Super League;Shanghai Port have had BTTS in their last 8 away league matches;SHANGHAI PORT vs qingdao hainiu;1.53;17/10/2025 07:00;VERDADEIRO;BTTS;BAIXA_CONFIABILIDADE;0.5366445901145268;FALSO;PADRAO_REGULAR;REGULAR;PADRAO_REGULAR: BTTS em 8 jogos (Odds: 1.53) [BONUS +10%] Previsao: INTERROMPERA STREAK
Super League;Shanghai Port have had BTTS in their last 11 league matches;SHANGHAI PORT vs qingdao hainiu;1.53;17/10/2025 07:00;VERDADEIRO;BTTS;BAIXA_CONFIABILIDADE;0.545890873015873;FALSO;PADRAO_REGULAR;REGULAR;PADRAO_REGULAR: BTTS em 11 jogos (Odds: 1.53) [BONUS +10%] Previsao: INTERROMPERA STREAK
3. Liga;Schweinfurt have had Over 2.5 Match Goalsin their last 6 league matches;SCHWEINFURT vs stuttgart ii;1.6;18/10/2025 09:00;VERDADEIRO;OVER_2.5;BAIXA_CONFIABILIDADE;0.8297034419338599;VERDADEIRO;PADRAO_FORTISSIMO;EXCELENTE;PADRAO_FORTISSIMO: OVER_2.5 em 6 jogos (Odds: 1.6) [BONUS +10%] Previsao: MANTERA STREAK
Segunda Division;Santander have had Over 2.5 Match Goalsin their last 9 league matches;SANTANDER vs la coruna;1.65;19/10/2025 13:30;VERDADEIRO;OVER_2.5;BAIXA_CONFIABILIDADE;0.49726497113997103;FALSO;PADRAO_REGULAR;REGULAR;PADRAO_REGULAR: OVER_2.5 em 9 jogos (Odds: 1.65) [BONUS +10%] Previsao: INTERROMPERA STREAK
J League 2;Sagan Tosu have had BTTS in their last 7 league matches;SAGAN TOSU vs blaublitz akita;1.91;18/10/2025 02:00;FALSO;BTTS;BAIXA_CONFIABILIDADE;0.32482422969187674;FALSO;PADRAO_REGULAR;REGULAR;PADRAO_REGULAR: BTTS em 7 jogos (Odds: 1.91) [BONUS +10%] Previsao: INTERROMPERA STREAK
Allsvenskan Women;Rosengard W have Lost their last 8 league matches;ROSENGARD W vs norrköping w;;19/10/2025 10:00;VERDADEIRO;DERROTA;ALTA_CONFIABILIDADE;0.8827505362505361;VERDADEIRO;PADRAO_FORTISSIMO;EXCELENTE;PADRAO_FORTISSIMO: DERROTA em 8 jogos (Odds: nan) [BONUS +18%] Previsao: MANTERA STREAK
Allsvenskan Women;Rosengard W have had Over 2.5 Match Goalsin their last 9 league matches;ROSENGARD W vs norrköping w;;19/10/2025 10:00;FALSO;OVER_2.5;ALTA_CONFIABILIDADE;0.95;VERDADEIRO;PADRAO_FORTISSIMO;EXCELENTE;PADRAO_FORTISSIMO: OVER_2.5 em 9 jogos (Odds: nan) [BONUS +18%] Previsao: MANTERA STREAK
Norwegian 1. Division;Raufoss have had Over 2.5 Match Goalsin their last 9 away league matches;RAUFOSS vs egersund;1.57;18/10/2025 11:00;VERDADEIRO;OVER_2.5;BAIXA_CONFIABILIDADE;0.59008658008658;FALSO;PADRAO_SOLIDO;REGULAR;PADRAO_SOLIDO: OVER_2.5 em 9 jogos (Odds: 1.57) [BONUS +10%] Previsao: INTERROMPERA STREAK
Bundesliga 2;Preußen Münster have had Over 2.5 Match Goalsin their last 6 league matches;PREUSSEN MÜNSTER vs dresden;1.67;18/10/2025 08:00;VERDADEIRO;OVER_2.5;BAIXA_CONFIABILIDADE;0.7785432320228165;VERDADEIRO;PADRAO_FORTE;EXCELENTE;PADRAO_FORTE: OVER_2.5 em 6 jogos (Odds: 1.67) [BONUS +10%] Previsao: MANTERA STREAK
Bundesliga 2;Preußen Münster have had BTTS in their last 8 league matches;PREUSSEN MÜNSTER vs dresden;1.57;18/10/2025 08:00;VERDADEIRO;BTTS;BAIXA_CONFIABILIDADE;0.7327041139240505;VERDADEIRO;PADRAO_FORTE;BOA;PADRAO_FORTE: BTTS em 8 jogos (Odds: 1.57) [BONUS +10%] Previsao: MANTERA STREAK
1. Liga;Polonia Warszawa have had BTTS in their last 7 league matches;POLONIA WARSZAWA vs chrobry głogów;1.62;18/10/2025 14:30;FALSO;BTTS;BAIXA_CONFIABILIDADE;0.3143469710669078;FALSO;PADRAO_REGULAR;REGULAR;PADRAO_REGULAR: BTTS em 7 jogos (Odds: 1.62) [BONUS +10%] Previsao: INTERROMPERA STREAK
1. Liga;Polonia Warszawa have had BTTS in their last 6 away league matches;POLONIA WARSZAWA vs chrobry głogów;1.62;18/10/2025 14:30;FALSO;BTTS;BAIXA_CONFIABILIDADE;0.410359341313149;FALSO;PADRAO_REGULAR;REGULAR;PADRAO_REGULAR: BTTS em 6 jogos (Odds: 1.62) [BONUS +10%] Previsao: INTERROMPERA STREAK
Scottish League 1;Peterhead have had Over 2.5 Match Goalsin their last 7 league matches;PETERHEAD vs queen of sth;1.8;18/10/2025 13:30;VERDADEIRO;OVER_2.5;BAIXA_CONFIABILIDADE;0.6818713706816297;VERDADEIRO;PADRAO_FORTE;BOA;PADRAO_FORTE: OVER_2.5 em 7 jogos (Odds: 1.8) [BONUS +10%] Previsao: MANTERA STREAK
Scottish League 1;Peterhead have had BTTS in their last 6 league matches;PETERHEAD vs queen of sth;1.67;18/10/2025 13:30;FALSO;BTTS;BAIXA_CONFIABILIDADE;0.3080732607270684;FALSO;PADRAO_REGULAR;REGULAR;PADRAO_REGULAR: BTTS em 6 jogos (Odds: 1.67) [BONUS +10%] Previsao: INTERROMPERA STREAK
Primera Division;Peñarol have Won their last 11 home league matches;PEÑAROL vs wanderers;1.29;19/10/2025 18:30;VERDADEIRO;VITORIA;BAIXA_CONFIABILIDADE;0.9028306277056277;VERDADEIRO;PADRAO_FORTISSIMO;EXCELENTE;PADRAO_FORTISSIMO: VITORIA em 11 jogos (Odds: 1.29) [BONUS +10%] Previsao: MANTERA STREAK
Colombia Primera B;Patriotas Boyacá have Won their last 6 league matches;PATRIOTAS BOYACÁ vs jaguares de córdoba;2.25;18/10/2025 20:00;VERDADEIRO;VITORIA;BAIXA_CONFIABILIDADE;0.5659365079365078;FALSO;PADRAO_REGULAR;REGULAR;PADRAO_REGULAR: VITORIA em 6 jogos (Odds: 2.25) [BONUS +10%] Previsao: INTERROMPERA STREAK
US MLS;Orlando City SC have had BTTS in their last 7 away league matches;ORLANDO CITY SC vs toronto;1.53;18/10/2025 19:00;VERDADEIRO;BTTS;BAIXA_CONFIABILIDADE;0.44891839963833635;FALSO;PADRAO_REGULAR;REGULAR;PADRAO_REGULAR: BTTS em 7 jogos (Odds: 1.53) [BONUS +10%] Previsao: INTERROMPERA STREAK
US MLS;Orlando City SC have had BTTS in their last 15 league matches;ORLANDO CITY SC vs toronto;1.53;18/10/2025 19:00;VERDADEIRO;BTTS;BAIXA_CONFIABILIDADE;0.5760932539682541;FALSO;PADRAO_REGULAR;REGULAR;PADRAO_REGULAR: BTTS em 15 jogos (Odds: 1.53) [BONUS +10%] Previsao: INTERROMPERA STREAK
Swedish Superettan;Orebro SK have had BTTS in their last 6 away league matches;OREBRO SK vs helsingborg;1.62;19/10/2025 10:00;VERDADEIRO;BTTS;BAIXA_CONFIABILIDADE;0.410359341313149;FALSO;PADRAO_REGULAR;REGULAR;PADRAO_REGULAR: BTTS em 6 jogos (Odds: 1.62) [BONUS +10%] Previsao: INTERROMPERA STREAK
Superliga;Odense BK have had BTTS in their last 8 league matches;ODENSE BK vs viborg ff;1.53;19/10/2025 09:00;VERDADEIRO;BTTS;BAIXA_CONFIABILIDADE;0.5366445901145268;FALSO;PADRAO_REGULAR;REGULAR;PADRAO_REGULAR: BTTS em 8 jogos (Odds: 1.53) [BONUS +10%] Previsao: INTERROMPERA STREAK
USL Championship;Oakland Roots have had Over 2.5 Match Goalsin their last 6 away league matches;OAKLAND ROOTS vs new mexico united;1.8;19/10/2025 18:00;VERDADEIRO;OVER_2.5;BAIXA_CONFIABILIDADE;0.5321964349706622;FALSO;PADRAO_REGULAR;REGULAR;PADRAO_REGULAR: OVER_2.5 em 6 jogos (Odds: 1.8) [BONUS +10%] Previsao: INTERROMPERA STREAK
USL Championship;Oakland Roots have had BTTS in their last 6 league matches;OAKLAND ROOTS vs new mexico united;1.72;19/10/2025 18:00;VERDADEIRO;BTTS;BAIXA_CONFIABILIDADE;0.42653135818516597;FALSO;PADRAO_REGULAR;REGULAR;PADRAO_REGULAR: BTTS em 6 jogos (Odds: 1.72) [BONUS +10%] Previsao: INTERROMPERA STREAK
USL Championship;Oakland Roots have had BTTS in their last 6 away league matches;OAKLAND ROOTS vs new mexico united;1.72;19/10/2025 18:00;VERDADEIRO;BTTS;BAIXA_CONFIABILIDADE;0.42653135818516597;FALSO;PADRAO_REGULAR;REGULAR;PADRAO_REGULAR: BTTS em 6 jogos (Odds: 1.72) [BONUS +10%] Previsao: INTERROMPERA STREAK
Norwegian 1. Division;Moss have had Over 2.5 Match Goalsin their last 9 home league matches;MOSS vs kongsvinger;1.44;18/10/2025 11:00;VERDADEIRO;OVER_2.5;BAIXA_CONFIABILIDADE;0.5171626984126984;FALSO;PADRAO_REGULAR;REGULAR;PADRAO_REGULAR: OVER_2.5 em 9 jogos (Odds: 1.44) [BONUS +10%] Previsao: INTERROMPERA STREAK
Norwegian 1. Division;Moss have had BTTS in their last 7 home league matches;MOSS vs kongsvinger;1.5;18/10/2025 11:00;VERDADEIRO;BTTS;BAIXA_CONFIABILIDADE;0.5127924977624345;FALSO;PADRAO_REGULAR;REGULAR;PADRAO_REGULAR: BTTS em 7 jogos (Odds: 1.5) [BONUS +10%] Previsao: INTERROMPERA STREAK
US MLS;Minnesota United have had BTTS in their last 8 away league matches;MINNESOTA UNITED vs la galaxy;1.44;18/10/2025 22:00;VERDADEIRO;BTTS;BAIXA_CONFIABILIDADE;0.4778633884390464;FALSO;PADRAO_REGULAR;REGULAR;PADRAO_REGULAR: BTTS em 8 jogos (Odds: 1.44) [BONUS +10%] Previsao: INTERROMPERA STREAK
Finnish Veikkausliiga;Mariehamn have had BTTS in their last 6 league matches;MARIEHAMN vs oulu;1.57;18/10/2025 11:00;FALSO;BTTS;BAIXA_CONFIABILIDADE;0.8212761738086108;VERDADEIRO;PADRAO_FORTISSIMO;EXCELENTE;PADRAO_FORTISSIMO: BTTS em 6 jogos (Odds: 1.57) [BONUS +10%] Previsao: MANTERA STREAK
Bundesliga 2;Magdeburg have Lost their last 6 league matches;MAGDEBURG vs darmstadt;1.8;19/10/2025 08:30;FALSO;DERROTA;BAIXA_CONFIABILIDADE;0.5921682470131838;FALSO;PADRAO_SOLIDO;REGULAR;PADRAO_SOLIDO: DERROTA em 6 jogos (Odds: 1.8) [BONUS +10%] Previsao: INTERROMPERA STREAK
Norwegian 1. Division;Lyn have Won their last 7 away league matches;LYN vs lillestrøm;7.0;17/10/2025 14:00;FALSO;VITORIA;BAIXA_CONFIABILIDADE;0.5212132034632034;FALSO;PADRAO_REGULAR;REGULAR;PADRAO_REGULAR: VITORIA em 7 jogos (Odds: 7.0) [BONUS +10%] Previsao: INTERROMPERA STREAK
Primera Division;Los Chankas have had BTTS in their last 11 home league matches;LOS CHANKAS vs adc juan pablo ii;1.83;18/10/2025 15:00;FALSO;BTTS;BAIXA_CONFIABILIDADE;0.5957837301587303;FALSO;PADRAO_SOLIDO;REGULAR;PADRAO_SOLIDO: BTTS em 11 jogos (Odds: 1.83) [BONUS +10%] Previsao: INTERROMPERA STREAK
Allsvenskan Women;Linkoping W have had Over 2.5 Match Goalsin their last 8 league matches;LINKOPING W vs aik w;1.66;17/10/2025 14:00;VERDADEIRO;OVER_2.5;ALTA_CONFIABILIDADE;0.781320364340301;VERDADEIRO;PADRAO_FORTISSIMO;EXCELENTE;PADRAO_FORTISSIMO: OVER_2.5 em 8 jogos (Odds: 1.66) [BONUS +18%] Previsao: MANTERA STREAK
Allsvenskan Women;Linkoping W have had Over 2.5 Match Goalsin their last 8 home league matches;LINKOPING W vs aik w;1.66;17/10/2025 14:00;VERDADEIRO;OVER_2.5;ALTA_CONFIABILIDADE;0.781320364340301;VERDADEIRO;PADRAO_FORTISSIMO;EXCELENTE;PADRAO_FORTISSIMO: OVER_2.5 em 8 jogos (Odds: 1.66) [BONUS +18%] Previsao: MANTERA STREAK
Norwegian 1. Division;Lillestrøm have Won their last 6 home league matches;LILLESTRØM vs lyn;1.4;17/10/2025 14:00;VERDADEIRO;VITORIA;BAIXA_CONFIABILIDADE;0.7406865079365079;VERDADEIRO;PADRAO_FORTE;BOA;PADRAO_FORTE: VITORIA em 6 jogos (Odds: 1.4) [BONUS +10%] Previsao: MANTERA STREAK
Norwegian 1. Division;Lillestrøm have Won their last 12 league matches;LILLESTRØM vs lyn;1.4;17/10/2025 14:00;VERDADEIRO;VITORIA;BAIXA_CONFIABILIDADE;0.6833174603174603;VERDADEIRO;PADRAO_FORTE;BOA;PADRAO_FORTE: VITORIA em 12 jogos (Odds: 1.4) [BONUS +10%] Previsao: MANTERA STREAK
Norwegian 1. Division;Lillestrøm have had Over 2.5 Match Goalsin their last 8 league matches;LILLESTRØM vs lyn;1.5;17/10/2025 14:00;VERDADEIRO;OVER_2.5;BAIXA_CONFIABILIDADE;0.9051241165404819;VERDADEIRO;PADRAO_FORTISSIMO;EXCELENTE;PADRAO_FORTISSIMO: OVER_2.5 em 8 jogos (Odds: 1.5) [BONUS +10%] Previsao: MANTERA STREAK
Norwegian 1. Division;Lillestrøm have had Over 2.5 Match Goalsin their last 6 home league matches;LILLESTRØM vs lyn;1.5;17/10/2025 14:00;VERDADEIRO;OVER_2.5;BAIXA_CONFIABILIDADE;0.6161967919874722;VERDADEIRO;PADRAO_SOLIDO;REGULAR;PADRAO_SOLIDO: OVER_2.5 em 6 jogos (Odds: 1.5) [BONUS +10%] Previsao: MANTERA STREAK
Meistriliiga;Levadia have had Over 2.5 Match Goalsin their last 9 league matches;LEVADIA vs kuressaare;1.36;18/10/2025 08:30;VERDADEIRO;OVER_2.5;BAIXA_CONFIABILIDADE;0.8787083333333332;VERDADEIRO;PADRAO_FORTISSIMO;EXCELENTE;PADRAO_FORTISSIMO: OVER_2.5 em 9 jogos (Odds: 1.36) [BONUS +10%] Previsao: MANTERA STREAK
Meistriliiga;Levadia have had Over 2.5 Match Goalsin their last 6 away league matches;LEVADIA vs kuressaare;1.36;18/10/2025 08:30;VERDADEIRO;OVER_2.5;BAIXA_CONFIABILIDADE;0.95;VERDADEIRO;PADRAO_FORTISSIMO;EXCELENTE;PADRAO_FORTISSIMO: OVER_2.5 em 6 jogos (Odds: 1.36) [BONUS +10%] Previsao: MANTERA STREAK
Colombia Primera B;Leones FC have Lost their last 8 league matches;LEONES FC vs atlético;2.6;18/10/2025 16:00;FALSO;DERROTA;BAIXA_CONFIABILIDADE;0.7357092352092351;VERDADEIRO;PADRAO_FORTE;BOA;PADRAO_FORTE: DERROTA em 8 jogos (Odds: 2.6) [BONUS +10%] Previsao: MANTERA STREAK
Ekstraklasa;Lech Poznań have had BTTS in their last 6 home league matches;LECH POZNAŃ vs pogoń szczecin;1.53;19/10/2025 09:45;VERDADEIRO;BTTS;BAIXA_CONFIABILIDADE;0.6798826853526221;VERDADEIRO;PADRAO_SOLIDO;BOA;PADRAO_SOLIDO: BTTS em 6 jogos (Odds: 1.53) [BONUS +10%] Previsao: MANTERA STREAK
US MLS;LA Galaxy have had Over 2.5 Match Goalsin their last 8 home league matches;LA GALAXY vs minnesota united;1.5;18/10/2025 22:00;VERDADEIRO;OVER_2.5;BAIXA_CONFIABILIDADE;0.9051241165404819;VERDADEIRO;PADRAO_FORTISSIMO;EXCELENTE;PADRAO_FORTISSIMO: OVER_2.5 em 8 jogos (Odds: 1.5) [BONUS +10%] Previsao: MANTERA STREAK
US MLS;LA Galaxy have had BTTS in their last 6 league matches;LA GALAXY vs minnesota united;1.44;18/10/2025 22:00;VERDADEIRO;BTTS;BAIXA_CONFIABILIDADE;0.5842366332497912;FALSO;PADRAO_SOLIDO;REGULAR;PADRAO_SOLIDO: BTTS em 6 jogos (Odds: 1.44) [BONUS +10%] Previsao: INTERROMPERA STREAK
Norwegian 1. Division;Kongsvinger have had BTTS in their last 8 away league matches;KONGSVINGER vs moss;1.5;18/10/2025 11:00;VERDADEIRO;BTTS;BAIXA_CONFIABILIDADE;0.5812746406195773;FALSO;PADRAO_SOLIDO;REGULAR;PADRAO_SOLIDO: BTTS em 8 jogos (Odds: 1.5) [BONUS +10%] Previsao: INTERROMPERA STREAK
Czech Liga;Karviná have had Over 2.5 Match Goalsin their last 8 league matches;KARVINÁ vs sigma olomouc;1.85;18/10/2025 10:00;FALSO;OVER_2.5;BAIXA_CONFIABILIDADE;0.95;VERDADEIRO;PADRAO_FORTISSIMO;EXCELENTE;PADRAO_FORTISSIMO: OVER_2.5 em 8 jogos (Odds: 1.85) [BONUS +10%] Previsao: MANTERA STREAK
Czech Liga;Karviná have had BTTS in their last 8 league matches;KARVINÁ vs sigma olomouc;1.62;18/10/2025 10:00;VERDADEIRO;BTTS;BAIXA_CONFIABILIDADE;0.37366244725738396;FALSO;PADRAO_REGULAR;REGULAR;PADRAO_REGULAR: BTTS em 8 jogos (Odds: 1.62) [BONUS +10%] Previsao: INTERROMPERA STREAK
Finnish Ykkosliiga;KäPa have had BTTS in their last 6 league matches;KÄPA vs salpa;1.36;18/10/2025 09:00;VERDADEIRO;BTTS;BAIXA_CONFIABILIDADE;0.7685357142857142;VERDADEIRO;PADRAO_FORTE;EXCELENTE;PADRAO_FORTE: BTTS em 6 jogos (Odds: 1.36) [BONUS +10%] Previsao: MANTERA STREAK
US NWSL;Kansas City Current W have Won their last 8 away league matches;KANSAS CITY CURRENT W vs houston dash w;;18/10/2025 20:30;FALSO;VITORIA;ALTA_CONFIABILIDADE;0.95;VERDADEIRO;PADRAO_FORTISSIMO;EXCELENTE;PADRAO_FORTISSIMO: VITORIA em 8 jogos (Odds: nan) [BONUS +18%] Previsao: MANTERA STREAK
Swedish Superettan;Kalmar FF have Won their last 6 home league matches;KALMAR FF vs oddevold;1.48;18/10/2025 10:00;VERDADEIRO;VITORIA;BAIXA_CONFIABILIDADE;0.725016439909297;VERDADEIRO;PADRAO_FORTE;BOA;PADRAO_FORTE: VITORIA em 6 jogos (Odds: 1.48) [BONUS +10%] Previsao: MANTERA STREAK
Finnish Veikkausliiga;Jaro have had Over 2.5 Match Goalsin their last 8 league matches;JARO vs vps;1.6;18/10/2025 11:00;VERDADEIRO;OVER_2.5;BAIXA_CONFIABILIDADE;0.6878654585318238;VERDADEIRO;PADRAO_FORTE;BOA;PADRAO_FORTE: OVER_2.5 em 8 jogos (Odds: 1.6) [BONUS +10%] Previsao: MANTERA STREAK
Finnish Veikkausliiga;Jaro have had BTTS in their last 6 league matches;JARO vs vps;1.5;18/10/2025 11:00;VERDADEIRO;BTTS;BAIXA_CONFIABILIDADE;0.6537944818894187;VERDADEIRO;PADRAO_SOLIDO;BOA;PADRAO_SOLIDO: BTTS em 6 jogos (Odds: 1.5) [BONUS +10%] Previsao: MANTERA STREAK
Liga de Expansión MX;Jaiba Brava have had BTTS in their last 7 league matches;JAIBA BRAVA vs ca la paz;;18/10/2025 22:00;VERDADEIRO;BTTS;BAIXA_CONFIABILIDADE;0.6819826423576424;VERDADEIRO;PADRAO_FORTE;BOA;PADRAO_FORTE: BTTS em 7 jogos (Odds: nan) [BONUS +10%] Previsao: MANTERA STREAK
Colombia Primera B;Jaguares de Córdoba have Won their last 10 league matches;JAGUARES DE CÓRDOBA vs patriotas boyacá;3.4;18/10/2025 20:00;FALSO;VITORIA;BAIXA_CONFIABILIDADE;0.7038659812409811;VERDADEIRO;PADRAO_FORTE;BOA;PADRAO_FORTE: VITORIA em 10 jogos (Odds: 3.4) [BONUS +10%] Previsao: MANTERA STREAK
Egypt Premier League;Ismaily have Lost their last 6 league matches;ISMAILY vs haras el hodood;3.1;18/10/2025 14:00;FALSO;DERROTA;BAIXA_CONFIABILIDADE;0.38066341991342;FALSO;PADRAO_REGULAR;REGULAR;PADRAO_REGULAR: DERROTA em 6 jogos (Odds: 3.1) [BONUS +10%] Previsao: INTERROMPERA STREAK
Bolivia Primera Division;Independiente Petrolero have had Over 2.5 Match Goalsin their last 8 league matches;INDEPENDIENTE PETROLERO vs the strongest;1.33;17/10/2025 21:00;VERDADEIRO;OVER_2.5;BAIXA_CONFIABILIDADE;0.7511649659863947;VERDADEIRO;PADRAO_FORTE;EXCELENTE;PADRAO_FORTE: OVER_2.5 em 8 jogos (Odds: 1.33) [BONUS +10%] Previsao: MANTERA STREAK
Colombia Primera A;Independiente Medellín have had Over 2.5 Match Goalsin their last 8 league matches;INDEPENDIENTE MEDELLÍN vs fortaleza ceif;2.0;17/10/2025 20:00;VERDADEIRO;OVER_2.5;BAIXA_CONFIABILIDADE;0.9018190476190476;VERDADEIRO;PADRAO_FORTISSIMO;EXCELENTE;PADRAO_FORTISSIMO: OVER_2.5 em 8 jogos (Odds: 2.0) [BONUS +10%] Previsao: MANTERA STREAK
Colombia Primera A;Independiente Medellín have had BTTS in their last 8 league matches;INDEPENDIENTE MEDELLÍN vs fortaleza ceif;2.0;17/10/2025 20:00;VERDADEIRO;BTTS;BAIXA_CONFIABILIDADE;0.3739670868347339;FALSO;PADRAO_REGULAR;REGULAR;PADRAO_REGULAR: BTTS em 8 jogos (Odds: 2.0) [BONUS +10%] Previsao: INTERROMPERA STREAK
Swedish Allsvenskan;IK Sirius have had Over 2.5 Match Goalsin their last 7 league matches;IK SIRIUS vs bk hacken;1.4;18/10/2025 12:30;FALSO;OVER_2.5;BAIXA_CONFIABILIDADE;0.7463672077017941;VERDADEIRO;PADRAO_FORTE;BOA;PADRAO_FORTE: OVER_2.5 em 7 jogos (Odds: 1.4) [BONUS +10%] Previsao: MANTERA STREAK
3. Liga;Hoffenheim II have had BTTS in their last 6 league matches;HOFFENHEIM II vs osnabruck;1.62;18/10/2025 09:00;FALSO;BTTS;BAIXA_CONFIABILIDADE;0.410359341313149;FALSO;PADRAO_REGULAR;REGULAR;PADRAO_REGULAR: BTTS em 6 jogos (Odds: 1.62) [BONUS +10%] Previsao: INTERROMPERA STREAK
3. Liga;Havelse have had BTTS in their last 6 league matches;HAVELSE vs regensburg;1.53;19/10/2025 14:30;VERDADEIRO;BTTS;BAIXA_CONFIABILIDADE;0.6798826853526221;VERDADEIRO;PADRAO_SOLIDO;BOA;PADRAO_SOLIDO: BTTS em 6 jogos (Odds: 1.53) [BONUS +10%] Previsao: MANTERA STREAK
USL Championship;Hartford Athletic have Won their last 6 away league matches;HARTFORD ATHLETIC vs tampa bay rowdies;2.9;18/10/2025 20:30;FALSO;VITORIA;BAIXA_CONFIABILIDADE;0.4297579365079365;FALSO;PADRAO_REGULAR;REGULAR;PADRAO_REGULAR: VITORIA em 6 jogos (Odds: 2.9) [BONUS +10%] Previsao: INTERROMPERA STREAK
Meistriliiga;Harju Jalgpallikool have had Over 2.5 Match Goalsin their last 9 league matches;HARJU JALGPALLIKOOL vs nõmme kalju;1.44;19/10/2025 08:30;VERDADEIRO;OVER_2.5;BAIXA_CONFIABILIDADE;0.5171626984126984;FALSO;PADRAO_REGULAR;REGULAR;PADRAO_REGULAR: OVER_2.5 em 9 jogos (Odds: 1.44) [BONUS +10%] Previsao: INTERROMPERA STREAK
Bundesliga 2;Hannover have had Over 2.5 Match Goalsin their last 6 league matches;HANNOVER vs schalke 04;1.65;17/10/2025 13:30;VERDADEIRO;OVER_2.5;BAIXA_CONFIABILIDADE;0.8289174078469922;VERDADEIRO;PADRAO_FORTISSIMO;EXCELENTE;PADRAO_FORTISSIMO: OVER_2.5 em 6 jogos (Odds: 1.65) [BONUS +10%] Previsao: MANTERA STREAK
Finnish Veikkausliiga;Haka have Lost their last 6 home league matches;HAKA vs ktp;2.6;18/10/2025 11:00;VERDADEIRO;DERROTA;BAIXA_CONFIABILIDADE;0.41041341991342006;FALSO;PADRAO_REGULAR;REGULAR;PADRAO_REGULAR: DERROTA em 6 jogos (Odds: 2.6) [BONUS +10%] Previsao: INTERROMPERA STREAK
Allsvenskan Women;Häcken W have Won their last 8 away league matches;HÄCKEN W vs brommapojkarna w;;19/10/2025 09:00;VERDADEIRO;VITORIA;ALTA_CONFIABILIDADE;0.95;VERDADEIRO;PADRAO_FORTISSIMO;EXCELENTE;PADRAO_FORTISSIMO: VITORIA em 8 jogos (Odds: nan) [BONUS +18%] Previsao: MANTERA STREAK
Northern Ireland Premiership;Glenavon have Lost their last 11 league matches;GLENAVON vs carrick rangers;2.2;18/10/2025 11:00;FALSO;DERROTA;BAIXA_CONFIABILIDADE;0.8061556637806638;VERDADEIRO;PADRAO_FORTISSIMO;EXCELENTE;PADRAO_FORTISSIMO: DERROTA em 11 jogos (Odds: 2.2) [BONUS +10%] Previsao: MANTERA STREAK
National League;Gateshead have had Over 2.5 Match Goalsin their last 6 away league matches;GATESHEAD vs brackley town;1.73;18/10/2025 11:00;FALSO;OVER_2.5;BAIXA_CONFIABILIDADE;0.5424631038176883;FALSO;PADRAO_REGULAR;REGULAR;PADRAO_REGULAR: OVER_2.5 em 6 jogos (Odds: 1.73) [BONUS +10%] Previsao: INTERROMPERA STREAK
Meistriliiga;Flora have had Over 2.5 Match Goalsin their last 9 league matches;FLORA vs tallinna kalev;1.25;18/10/2025 13:00;VERDADEIRO;OVER_2.5;BAIXA_CONFIABILIDADE;0.9196607142857144;VERDADEIRO;PADRAO_FORTISSIMO;EXCELENTE;PADRAO_FORTISSIMO: OVER_2.5 em 9 jogos (Odds: 1.25) [BONUS +10%] Previsao: MANTERA STREAK
Superliga;FC København have had BTTS in their last 8 league matches;FC KØBENHAVN vs silkeborg if;1.75;17/10/2025 14:00;VERDADEIRO;BTTS;BAIXA_CONFIABILIDADE;0.37718350952844626;FALSO;PADRAO_REGULAR;REGULAR;PADRAO_REGULAR: BTTS em 8 jogos (Odds: 1.75) [BONUS +10%] Previsao: INTERROMPERA STREAK
Bundesliga;FC Bayern München have Won their last 6 league matches;FC BAYERN MÜNCHEN vs dortmund;1.33;18/10/2025 13:30;VERDADEIRO;VITORIA;BAIXA_CONFIABILIDADE;0.7253055555555555;VERDADEIRO;PADRAO_FORTE;BOA;PADRAO_FORTE: VITORIA em 6 jogos (Odds: 1.33) [BONUS +10%] Previsao: MANTERA STREAK
Bundesliga;FC Bayern München have had Over 2.5 Match Goalsin their last 6 league matches;FC BAYERN MÜNCHEN vs dortmund;1.33;18/10/2025 13:30;VERDADEIRO;OVER_2.5;BAIXA_CONFIABILIDADE;0.7421907596371881;VERDADEIRO;PADRAO_FORTE;BOA;PADRAO_FORTE: OVER_2.5 em 6 jogos (Odds: 1.33) [BONUS +10%] Previsao: MANTERA STREAK
Swedish Superettan;Falkenbergs FF have had Over 2.5 Match Goalsin their last 7 league matches;FALKENBERGS FF vs örgryte;1.57;18/10/2025 12:00;VERDADEIRO;OVER_2.5;BAIXA_CONFIABILIDADE;0.41064245354570716;FALSO;PADRAO_REGULAR;REGULAR;PADRAO_REGULAR: OVER_2.5 em 7 jogos (Odds: 1.57) [BONUS +10%] Previsao: INTERROMPERA STREAK
3. Liga;Energie Cottbus have had Over 2.5 Match Goalsin their last 6 league matches;ENERGIE COTTBUS vs ulm;1.57;19/10/2025 08:30;VERDADEIRO;OVER_2.5;BAIXA_CONFIABILIDADE;0.5935605016473775;FALSO;PADRAO_SOLIDO;REGULAR;PADRAO_SOLIDO: OVER_2.5 em 6 jogos (Odds: 1.57) [BONUS +10%] Previsao: INTERROMPERA STREAK
Bundesliga;Ein Frankfurt have had Over 2.5 Match Goalsin their last 6 league matches;EIN FRANKFURT vs freiburg;1.62;19/10/2025 10:30;VERDADEIRO;OVER_2.5;BAIXA_CONFIABILIDADE;0.656658630909644;VERDADEIRO;PADRAO_SOLIDO;BOA;PADRAO_SOLIDO: OVER_2.5 em 6 jogos (Odds: 1.62) [BONUS +10%] Previsao: MANTERA STREAK
Premier League;Dynamo Kyiv have had BTTS in their last 7 league matches;DYNAMO KYIV vs zorya luhansk;;18/10/2025 09:30;VERDADEIRO;BTTS;BAIXA_CONFIABILIDADE;0.6819826423576424;VERDADEIRO;PADRAO_FORTE;BOA;PADRAO_FORTE: BTTS em 7 jogos (Odds: nan) [BONUS +10%] Previsao: MANTERA STREAK
Scottish League 2;Dumbarton have had BTTS in their last 9 league matches;DUMBARTON vs spartans;1.62;18/10/2025 11:00;VERDADEIRO;BTTS;BAIXA_CONFIABILIDADE;0.3396666666666667;FALSO;PADRAO_REGULAR;REGULAR;PADRAO_REGULAR: BTTS em 9 jogos (Odds: 1.62) [BONUS +10%] Previsao: INTERROMPERA STREAK
Vysshaya Liga;Dinamo Minsk have had Over 2.5 Match Goalsin their last 8 league matches;DINAMO MINSK vs gomel;;18/10/2025 11:00;FALSO;OVER_2.5;BAIXA_CONFIABILIDADE;0.938605694980695;VERDADEIRO;PADRAO_FORTISSIMO;EXCELENTE;PADRAO_FORTISSIMO: OVER_2.5 em 8 jogos (Odds: nan) [BONUS +10%] Previsao: MANTERA STREAK
Vysshaya Liga;Dinamo Minsk have had BTTS in their last 7 league matches;DINAMO MINSK vs gomel;;18/10/2025 11:00;FALSO;BTTS;BAIXA_CONFIABILIDADE;0.6819826423576424;VERDADEIRO;PADRAO_FORTE;BOA;PADRAO_FORTE: BTTS em 7 jogos (Odds: nan) [BONUS +10%] Previsao: MANTERA STREAK
Eerste Divisie;Den Haag have Won their last 7 league matches;DEN HAAG vs fc dordrecht;1.22;17/10/2025 15:00;VERDADEIRO;VITORIA;BAIXA_CONFIABILIDADE;0.559366341991342;FALSO;PADRAO_REGULAR;REGULAR;PADRAO_REGULAR: VITORIA em 7 jogos (Odds: 1.22) [BONUS +10%] Previsao: INTERROMPERA STREAK
K League 1;Daegu have had BTTS in their last 6 league matches;DAEGU vs gangwon;1.67;18/10/2025 02:00;VERDADEIRO;BTTS;BAIXA_CONFIABILIDADE;0.3080732607270684;FALSO;PADRAO_REGULAR;REGULAR;PADRAO_REGULAR: BTTS em 6 jogos (Odds: 1.67) [BONUS +10%] Previsao: INTERROMPERA STREAK
Super Liga;Crvena Zvezda have Won their last 9 league matches;CRVENA ZVEZDA vs imt novi beograd;1.07;19/10/2025 14:30;VERDADEIRO;VITORIA;BAIXA_CONFIABILIDADE;0.95;VERDADEIRO;PADRAO_FORTISSIMO;EXCELENTE;PADRAO_FORTISSIMO: VITORIA em 9 jogos (Odds: 1.07) [BONUS +10%] Previsao: MANTERA STREAK
Super Liga;Crvena Zvezda have had Over 2.5 Match Goalsin their last 6 league matches;CRVENA ZVEZDA vs imt novi beograd;1.2;19/10/2025 14:30;VERDADEIRO;OVER_2.5;BAIXA_CONFIABILIDADE;0.8196150793650793;VERDADEIRO;PADRAO_FORTISSIMO;EXCELENTE;PADRAO_FORTISSIMO: OVER_2.5 em 6 jogos (Odds: 1.2) [BONUS +10%] Previsao: MANTERA STREAK
Liga de Expansión MX;Correcaminos UAT have had Over 2.5 Match Goalsin their last 6 league matches;CORRECAMINOS UAT vs dorados;1.61;17/10/2025 22:00;FALSO;OVER_2.5;BAIXA_CONFIABILIDADE;0.8179278616788747;VERDADEIRO;PADRAO_FORTISSIMO;EXCELENTE;PADRAO_FORTISSIMO: OVER_2.5 em 6 jogos (Odds: 1.61) [BONUS +10%] Previsao: MANTERA STREAK
Liga de Expansión MX;Correcaminos UAT have had BTTS in their last 6 league matches;CORRECAMINOS UAT vs dorados;;17/10/2025 22:00;FALSO;BTTS;BAIXA_CONFIABILIDADE;0.76356240981241;VERDADEIRO;PADRAO_FORTE;EXCELENTE;PADRAO_FORTE: BTTS em 6 jogos (Odds: nan) [BONUS +10%] Previsao: MANTERA STREAK
Chile Primera Division;Coquimbo Unido have Won their last 11 league matches;COQUIMBO UNIDO vs colo-colo;2.35;19/10/2025 12:30;VERDADEIRO;VITORIA;BAIXA_CONFIABILIDADE;0.7372826479076479;VERDADEIRO;PADRAO_FORTE;BOA;PADRAO_FORTE: VITORIA em 11 jogos (Odds: 2.35) [BONUS +10%] Previsao: MANTERA STREAK
J League 2;Consadole Sapporo have had BTTS in their last 8 away league matches;CONSADOLE SAPPORO vs kataller toyama;1.73;19/10/2025 00:55;FALSO;BTTS;BAIXA_CONFIABILIDADE;0.3892668428617795;FALSO;PADRAO_REGULAR;REGULAR;PADRAO_REGULAR: BTTS em 8 jogos (Odds: 1.73) [BONUS +10%] Previsao: INTERROMPERA STREAK
Primera B;Concepcion have had Over 2.5 Match Goalsin their last 7 league matches;CONCEPCION vs san luis;1.95;19/10/2025 17:30;VERDADEIRO;OVER_2.5;BAIXA_CONFIABILIDADE;0.43909746543778805;FALSO;PADRAO_REGULAR;REGULAR;PADRAO_REGULAR: OVER_2.5 em 7 jogos (Odds: 1.95) [BONUS +10%] Previsao: INTERROMPERA STREAK
Northern Ireland Premiership;Coleraine have had Over 2.5 Match Goalsin their last 7 league matches;COLERAINE vs dungannon swifts;1.65;18/10/2025 11:00;VERDADEIRO;OVER_2.5;BAIXA_CONFIABILIDADE;0.44310485882047534;FALSO;PADRAO_REGULAR;REGULAR;PADRAO_REGULAR: OVER_2.5 em 7 jogos (Odds: 1.65) [BONUS +10%] Previsao: INTERROMPERA STREAK
League One;Chongqing Tongliang Long have had Over 2.5 Match Goalsin their last 7 away league matches;CHONGQING TONGLIANG LONG vs dalian huayi;1.85;18/10/2025 08:00;VERDADEIRO;OVER_2.5;BAIXA_CONFIABILIDADE;0.8691764648917875;VERDADEIRO;PADRAO_FORTISSIMO;EXCELENTE;PADRAO_FORTISSIMO: OVER_2.5 em 7 jogos (Odds: 1.85) [BONUS +10%] Previsao: MANTERA STREAK
US MLS;CF Montréal have had BTTS in their last 7 away league matches;CF MONTRÉAL vs cincinnati;1.53;18/10/2025 19:00;FALSO;BTTS;BAIXA_CONFIABILIDADE;0.44891839963833635;FALSO;PADRAO_REGULAR;REGULAR;PADRAO_REGULAR: BTTS em 7 jogos (Odds: 1.53) [BONUS +10%] Previsao: INTERROMPERA STREAK
Serie B;Cesena have had BTTS in their last 7 league matches;CESENA vs spezia;2.0;18/10/2025 14:30;VERDADEIRO;BTTS;BAIXA_CONFIABILIDADE;0.3483242296918768;FALSO;PADRAO_REGULAR;REGULAR;PADRAO_REGULAR: BTTS em 7 jogos (Odds: 2.0) [BONUS +10%] Previsao: INTERROMPERA STREAK
J League;Cerezo Osaka have had Over 2.5 Match Goalsin their last 6 away league matches;CEREZO OSAKA vs fagiano okayama;1.85;18/10/2025 02:00;VERDADEIRO;OVER_2.5;BAIXA_CONFIABILIDADE;0.6426023637816544;VERDADEIRO;PADRAO_SOLIDO;BOA;PADRAO_SOLIDO: OVER_2.5 em 6 jogos (Odds: 1.85) [BONUS +10%] Previsao: MANTERA STREAK
J League;Cerezo Osaka have had BTTS in their last 7 league matches;CEREZO OSAKA vs fagiano okayama;1.67;18/10/2025 02:00;VERDADEIRO;BTTS;BAIXA_CONFIABILIDADE;0.31364184286177954;FALSO;PADRAO_REGULAR;REGULAR;PADRAO_REGULAR: BTTS em 7 jogos (Odds: 1.67) [BONUS +10%] Previsao: INTERROMPERA STREAK
La Liga;Celta have had BTTS in their last 7 league matches;CELTA vs sociedad;1.75;19/10/2025 11:15;VERDADEIRO;BTTS;BAIXA_CONFIABILIDADE;0.2919751761951129;FALSO;PADRAO_REGULAR;REGULAR;PADRAO_REGULAR: BTTS em 7 jogos (Odds: 1.75) [BONUS +10%] Previsao: INTERROMPERA STREAK
1. SNL;Celje have had Over 2.5 Match Goalsin their last 9 league matches;CELJE vs olimpija;1.6;18/10/2025 15:15;FALSO;OVER_2.5;BAIXA_CONFIABILIDADE;0.5127292568542567;FALSO;PADRAO_REGULAR;REGULAR;PADRAO_REGULAR: OVER_2.5 em 9 jogos (Odds: 1.6) [BONUS +10%] Previsao: INTERROMPERA STREAK
Allsvenskan Women;Brommapojkarna W have Lost their last 6 home league matches;BROMMAPOJKARNA W vs häcken w;;19/10/2025 09:00;VERDADEIRO;DERROTA;ALTA_CONFIABILIDADE;0.7676111111111108;VERDADEIRO;PADRAO_FORTE;EXCELENTE;PADRAO_FORTE: DERROTA em 6 jogos (Odds: nan) [BONUS +18%] Previsao: MANTERA STREAK
Allsvenskan Women;Brommapojkarna W have had Over 2.5 Match Goalsin their last 11 home league matches;BROMMAPOJKARNA W vs häcken w;;19/10/2025 09:00;VERDADEIRO;OVER_2.5;ALTA_CONFIABILIDADE;0.8594568854568854;VERDADEIRO;PADRAO_FORTISSIMO;EXCELENTE;PADRAO_FORTISSIMO: OVER_2.5 em 11 jogos (Odds: nan) [BONUS +18%] Previsao: MANTERA STREAK
Allsvenskan Women;Brommapojkarna W have had Over 2.5 Match Goalsin their last 10 league matches;BROMMAPOJKARNA W vs häcken w;;19/10/2025 09:00;VERDADEIRO;OVER_2.5;ALTA_CONFIABILIDADE;0.95;VERDADEIRO;PADRAO_FORTISSIMO;EXCELENTE;PADRAO_FORTISSIMO: OVER_2.5 em 10 jogos (Odds: nan) [BONUS +18%] Previsao: MANTERA STREAK
Allsvenskan Women;Brommapojkarna W have had BTTS in their last 11 home league matches;BROMMAPOJKARNA W vs häcken w;;19/10/2025 09:00;FALSO;BTTS;ALTA_CONFIABILIDADE;0.6816222943722943;VERDADEIRO;PADRAO_FORTE;BOA;PADRAO_FORTE: BTTS em 11 jogos (Odds: nan) [BONUS +18%] Previsao: MANTERA STREAK
Allsvenskan Women;Brommapojkarna W have had BTTS in their last 10 league matches;BROMMAPOJKARNA W vs häcken w;;19/10/2025 09:00;FALSO;BTTS;ALTA_CONFIABILIDADE;0.704009199134199;VERDADEIRO;PADRAO_FORTE;BOA;PADRAO_FORTE: BTTS em 10 jogos (Odds: nan) [BONUS +18%] Previsao: MANTERA STREAK
Toppserien;Brann W have Won their last 7 away league matches;BRANN W vs kolbotn w;;19/10/2025 09:30;VERDADEIRO;VITORIA;BAIXA_CONFIABILIDADE;0.717985985985986;VERDADEIRO;PADRAO_FORTE;BOA;PADRAO_FORTE: VITORIA em 7 jogos (Odds: nan) [BONUS +10%] Previsao: MANTERA STREAK
Toppserien;Brann W have Won their last 11 league matches;BRANN W vs kolbotn w;;19/10/2025 09:30;VERDADEIRO;VITORIA;BAIXA_CONFIABILIDADE;0.8426890283140281;VERDADEIRO;PADRAO_FORTISSIMO;EXCELENTE;PADRAO_FORTISSIMO: VITORIA em 11 jogos (Odds: nan) [BONUS +10%] Previsao: MANTERA STREAK
Toppserien;Bodø / Glimt W have Lost their last 6 home league matches;BODØ / GLIMT W vs rosenborg w;;19/10/2025 09:30;VERDADEIRO;DERROTA;BAIXA_CONFIABILIDADE;0.6876111111111108;VERDADEIRO;PADRAO_FORTE;BOA;PADRAO_FORTE: DERROTA em 6 jogos (Odds: nan) [BONUS +10%] Previsao: MANTERA STREAK
Toppserien;Bodø / Glimt W have had Over 2.5 Match Goalsin their last 10 home league matches;BODØ / GLIMT W vs rosenborg w;;19/10/2025 09:30;FALSO;OVER_2.5;BAIXA_CONFIABILIDADE;0.8798080759330759;VERDADEIRO;PADRAO_FORTISSIMO;EXCELENTE;PADRAO_FORTISSIMO: OVER_2.5 em 10 jogos (Odds: nan) [BONUS +10%] Previsao: MANTERA STREAK
Primera Division Women;Barcelona W have Won their last 7 league matches;BARCELONA W vs granada w;;19/10/2025 13:00;VERDADEIRO;VITORIA;ALTA_CONFIABILIDADE;0.7979859859859859;VERDADEIRO;PADRAO_FORTISSIMO;EXCELENTE;PADRAO_FORTISSIMO: VITORIA em 7 jogos (Odds: nan) [BONUS +18%] Previsao: MANTERA STREAK
Bundesliga;Augsburg have had Over 2.5 Match Goalsin their last 6 league matches;AUGSBURG vs fc köln;1.57;18/10/2025 10:30;FALSO;OVER_2.5;BAIXA_CONFIABILIDADE;0.5935605016473775;FALSO;PADRAO_SOLIDO;REGULAR;PADRAO_SOLIDO: OVER_2.5 em 6 jogos (Odds: 1.57) [BONUS +10%] Previsao: INTERROMPERA STREAK
Bundesliga;Augsburg have had BTTS in their last 6 league matches;AUGSBURG vs fc köln;1.53;18/10/2025 10:30;VERDADEIRO;BTTS;BAIXA_CONFIABILIDADE;0.6798826853526221;VERDADEIRO;PADRAO_SOLIDO;BOA;PADRAO_SOLIDO: BTTS em 6 jogos (Odds: 1.53) [BONUS +10%] Previsao: MANTERA STREAK
Eerste Divisie;Almere City have had Over 2.5 Match Goalsin their last 7 league matches;ALMERE CITY vs sc cambuur;1.48;17/10/2025 15:00;FALSO;OVER_2.5;BAIXA_CONFIABILIDADE;0.47255051260883874;FALSO;PADRAO_REGULAR;REGULAR;PADRAO_REGULAR: OVER_2.5 em 7 jogos (Odds: 1.48) [BONUS +10%] Previsao: INTERROMPERA STREAK
Allsvenskan Women;Alingsås W have Lost their last 8 league matches;ALINGSÅS W vs växjö w;;18/10/2025 11:00;FALSO;DERROTA;ALTA_CONFIABILIDADE;0.8827505362505361;VERDADEIRO;PADRAO_FORTISSIMO;EXCELENTE;PADRAO_FORTISSIMO: DERROTA em 8 jogos (Odds: nan) [BONUS +18%] Previsao: MANTERA STREAK
J League;Albirex Niigata have Lost their last 9 away league matches;ALBIREX NIIGATA vs tokyo verdy;2.15;18/10/2025 02:00;VERDADEIRO;DERROTA;BAIXA_CONFIABILIDADE;0.764249098124098;VERDADEIRO;PADRAO_FORTE;EXCELENTE;PADRAO_FORTE: DERROTA em 9 jogos (Odds: 2.15) [BONUS +10%] Previsao: MANTERA STREAK
Superliga;AGF Aarhus have Won their last 8 league matches;AGF AARHUS vs brøndby if;2.82;19/10/2025 11:00;FALSO;VITORIA;BAIXA_CONFIABILIDADE;0.5953798701298701;FALSO;PADRAO_SOLIDO;REGULAR;PADRAO_SOLIDO: VITORIA em 8 jogos (Odds: 2.82) [BONUS +10%] Previsao: INTERROMPERA STREAK
Iceland Besta Deildin;Afturelding have had BTTS in their last 7 home league matches;AFTURELDING vs vestri;1.57;19/10/2025 11:00;VERDADEIRO;BTTS;MEDIA_CONFIABILIDADE;0.8106958166657533;VERDADEIRO;PADRAO_FORTISSIMO;EXCELENTE;PADRAO_FORTISSIMO: BTTS em 7 jogos (Odds: 1.57) [BONUS +15%] Previsao: MANTERA STREAK
Iceland Besta Deildin;Afturelding have had BTTS in their last 15 league matches;AFTURELDING vs vestri;1.57;19/10/2025 11:00;VERDADEIRO;BTTS;MEDIA_CONFIABILIDADE;0.748732142857143;VERDADEIRO;PADRAO_FORTE;BOA;PADRAO_FORTE: BTTS em 15 jogos (Odds: 1.57) [BONUS +15%] Previsao: MANTERA STREAK
1. Lig;Adana Demirspor have Lost their last 8 league matches;ADANA DEMIRSPOR vs sakaryaspor;;18/10/2025 10:00;FALSO;DERROTA;BAIXA_CONFIABILIDADE;0.8027505362505362;VERDADEIRO;PADRAO_FORTISSIMO;EXCELENTE;PADRAO_FORTISSIMO: DERROTA em 8 jogos (Odds: nan) [BONUS +10%] Previsao: MANTERA STREAK
1. Lig;Adana Demirspor have had Over 2.5 Match Goalsin their last 9 league matches;ADANA DEMIRSPOR vs sakaryaspor;;18/10/2025 10:00;VERDADEIRO;OVER_2.5;BAIXA_CONFIABILIDADE;0.9251830759330761;VERDADEIRO;PADRAO_FORTISSIMO;EXCELENTE;PADRAO_FORTISSIMO: OVER_2.5 em 9 jogos (Odds: nan) [BONUS +10%] Previsao: MANTERA STREAK
Tweede Divisie;ACV have Lost their last 8 league matches;ACV vs rijnsburgse boys;;18/10/2025 09:30;FALSO;DERROTA;BAIXA_CONFIABILIDADE;0.8027505362505362;VERDADEIRO;PADRAO_FORTISSIMO;EXCELENTE;PADRAO_FORTISSIMO: DERROTA em 8 jogos (Odds: nan) [BONUS +10%] Previsao: MANTERA STREAK
First Division;Aalborg BK have had Over 2.5 Match Goalsin their last 6 league matches;AALBORG BK vs b 93;1.5;17/10/2025 14:00;VERDADEIRO;OVER_2.5;BAIXA_CONFIABILIDADE;0.6161967919874722;VERDADEIRO;PADRAO_SOLIDO;REGULAR;PADRAO_SOLIDO: OVER_2.5 em 6 jogos (Odds: 1.5) [BONUS +10%] Previsao: MANTERA STREAK
