League;Stat;Next Match;Odds;Date;Previsao;Probabilidade_VERDADEIRO;Previsao_Texto
Serie B;Cesena have had BTTS in their last 6 league matches;Home vs Reggiana;2.0;04/10/2025 14:30;1.0;0,749596452;VERDADEIRO
Norwegian 1. Division;Lyn have Won their last 6 away league matches;Away vs Hødd;2.0;29/09/2025 14:00;1.0;0,749596452;VERDADEIRO
Norwegian 1. Division;Lyn have Won their last 6 away league matches;Away vs Hødd;2.0;29/09/2025 14:00;1.0;0,749596452;VERDADEIRO
Premier League;Cavalry have had Over 2.5 Match Goals in their last 6 league matches;Away vs Atlético Ottawa;2.0;27/09/2025 14:00;1.0;0,749596452;VERDADEIRO
Premier League;Cavalry have had Over 2.5 Match Goals in their last 6 league matches;Away vs Atlético Ottawa;2.0;27/09/2025 14:00;1.0;0,749596452;VERDADEIRO
Swedish Superettan;Örgryte have Won their last 6 away league matches;Away vs Trelleborg;2.0;25/09/2025 14:00;1.0;0,749596452;VERDADEIRO
Swedish Superettan;Örgryte have Won their last 6 away league matches;Away vs Trelleborg;2.0;25/09/2025 14:00;1.0;0,749596452;VERDADEIRO
National League;Truro City have Lost their last 6 away league matches;Away vs Woking;2.05;04/10/2025 11:00;1.0;0,744596452;VERDADEIRO
National League;Halifax have had Over 2.5 Match Goals in their last 6 league matches;Home vs Brackley Town;2.1;04/10/2025 11:00;1.0;0,732382166;VERDADEIRO
National League;Halifax have had Over 2.5 Match Goals in their last 6 league matches;Home vs Brackley Town;2.1;04/10/2025 11:00;1.0;0,732382166;VERDADEIRO
Primera B Nacional;Estudiantes de Buenos Aires have Won their last 6 home league matches;Home vs Deportivo Maipú;1.57;12/10/2025 17:10;1.0;0,721276174;VERDADEIRO
US MLS;Seattle Sounders FC have had BTTS in their last 6 home league matches;Home vs Portland Timbers;1.57;04/10/2025 23:30;1.0;0,721276174;VERDADEIRO
Finnish Veikkausliiga;Jaro have had Over 2.5 Match Goals in their last 6 home league matches;Home vs Haka;1.57;03/10/2025 12:00;1.0;0,721276174;VERDADEIRO
Finnish Veikkausliiga;Jaro have had Over 2.5 Match Goals in their last 6 home league matches;Home vs Haka;1.57;03/10/2025 12:00;1.0;0,721276174;VERDADEIRO
Finnish Veikkausliiga;Jaro have had Over 2.5 Match Goals in their last 6 home league matches;Home vs Haka;1.57;03/10/2025 12:00;1.0;0,721276174;VERDADEIRO
Finnish Veikkausliiga;Jaro have had Over 2.5 Match Goals in their last 6 home league matches;Home vs Haka;1.57;03/10/2025 12:00;1.0;0,721276174;VERDADEIRO
USL Championship;Loudoun United have had BTTS in their last 6 league matches;Home vs Tampa Bay Rowdies;1.57;28/09/2025 18:00;1.0;0,721276174;VERDADEIRO
USL Championship;Loudoun United have had BTTS in their last 6 league matches;Home vs Tampa Bay Rowdies;1.57;28/09/2025 18:00;1.0;0,721276174;VERDADEIRO
Finnish Veikkausliiga;Jaro have had Over 2.5 Match Goals in their last 6 league matches;Home vs Mariehamn;1.57;28/09/2025 10:00;1.0;0,721276174;VERDADEIRO
Finnish Veikkausliiga;Jaro have had Over 2.5 Match Goals in their last 6 league matches;Home vs Mariehamn;1.57;28/09/2025 10:00;1.0;0,721276174;VERDADEIRO
Finnish Veikkausliiga;Jaro have had Over 2.5 Match Goals in their last 6 league matches;Home vs Mariehamn;1.57;28/09/2025 10:00;1.0;0,721276174;VERDADEIRO
Bundesliga 2;Preußen Münster have had BTTS in their last 6 league matches;Home vs Braunschweig;1.57;28/09/2025 08:30;1.0;0,721276174;VERDADEIRO
Bundesliga 2;Preußen Münster have had BTTS in their last 6 league matches;Home vs Braunschweig;1.57;28/09/2025 08:30;1.0;0,721276174;VERDADEIRO
US MLS;CF Montréal have had BTTS in their last 6 away league matches;Away vs Charlotte;1.57;27/09/2025 20:30;1.0;0,721276174;VERDADEIRO
Serie B;Athletico PR have Won their last 6 league matches;Home vs Operário PR;1.57;27/09/2025 20:30;1.0;0,721276174;VERDADEIRO
Serie B;Athletico PR have Won their last 6 league matches;Home vs Operário PR;1.57;27/09/2025 20:30;1.0;0,721276174;VERDADEIRO
US MLS;CF Montréal have had BTTS in their last 6 away league matches;Away vs Charlotte;1.57;27/09/2025 20:30;1.0;0,721276174;VERDADEIRO
K League 1;Daegu have had Over 2.5 Match Goals in their last 6 league matches;Home vs Ulsan HD;1.57;27/09/2025 04:30;1.0;0,721276174;VERDADEIRO
K League 1;Daegu have had Over 2.5 Match Goals in their last 6 league matches;Home vs Ulsan HD;1.57;27/09/2025 04:30;1.0;0,721276174;VERDADEIRO
Bolivia Primera Division;Real Oruro have had Over 2.5 Match Goals in their last 6 league matches;Home vs Guabirá;1.57;25/09/2025 21:00;1.0;0,721276174;VERDADEIRO
Bolivia Primera Division;Real Oruro have had Over 2.5 Match Goals in their last 6 league matches;Home vs Guabirá;1.57;25/09/2025 21:00;1.0;0,721276174;VERDADEIRO
Bolivia Primera Division;Independiente Petrolero have had Over 2.5 Match Goals in their last 6 league matches;Away vs Oriente Petrolero;1.57;23/09/2025 16:00;1.0;0,721276174;VERDADEIRO
US MLS;Toronto have Drew their last 6 league matches;Home vs Club Internacional de Fútbol Miami;4.2;27/09/2025 17:30;1.0;0,714121032;VERDADEIRO
US MLS;Toronto have Drew their last 6 league matches;Home vs Club Internacional de Fútbol Miami;4.2;27/09/2025 17:30;1.0;0,714121032;VERDADEIRO
Tweede Divisie;ACV have Lost their last 6 league matches;Home vs Barendrecht;2.2;04/10/2025 09:30;1.0;0,71041788;VERDADEIRO
Tweede Divisie;ACV have Lost their last 6 league matches;Home vs Barendrecht;2.2;04/10/2025 09:30;1.0;0,71041788;VERDADEIRO
USL Championship;Louisville City have Won their last 6 away league matches;Away vs Detroit City;2.2;27/09/2025 20:00;1.0;0,71041788;VERDADEIRO
USL Championship;Louisville City have Won their last 6 away league matches;Away vs Detroit City;2.2;27/09/2025 20:00;1.0;0,71041788;VERDADEIRO
US MLS;Charlotte have Won their last 6 home league matches;Home vs CF Montréal;1.56;27/09/2025 20:30;1.0;0,700963674;VERDADEIRO
US MLS;Charlotte have Won their last 6 home league matches;Home vs CF Montréal;1.56;27/09/2025 20:30;1.0;0,700963674;VERDADEIRO
National League;Halifax have had Over 2.5 Match Goals in their last 6 league matches;Home vs Brackley Town;2.15;04/10/2025 11:00;1.0;0,700298833;VERDADEIRO
National League;Halifax have had Over 2.5 Match Goals in their last 6 league matches;Home vs Brackley Town;2.15;04/10/2025 11:00;1.0;0,700298833;VERDADEIRO
Swedish Allsvenskan;GAIS have had Over 2.5 Match Goals in their last 6 away league matches;Away vs AIK;2.15;28/09/2025 11:30;1.0;0,700298833;VERDADEIRO
Swedish Allsvenskan;GAIS have had Over 2.5 Match Goals in their last 6 away league matches;Away vs AIK;2.15;28/09/2025 11:30;1.0;0,700298833;VERDADEIRO
Premier League;Vancouver FC have had BTTS in their last 6 league matches;Away vs Atlético Ottawa;2.25;12/10/2025 16:00;1.0;0,692084547;VERDADEIRO
Primera Division;Platense have had BTTS in their last 6 league matches;Away vs Atlético Tucumán;2.25;04/10/2025 19:00;1.0;0,692084547;VERDADEIRO
Primera Division;Platense have had BTTS in their last 6 league matches;Away vs Atlético Tucumán;2.25;04/10/2025 19:00;1.0;0,692084547;VERDADEIRO
Primera Division;Platense have had BTTS in their last 6 league matches;Away vs Atlético Tucumán;2.25;04/10/2025 19:00;1.0;0,692084547;VERDADEIRO
La Liga;Real Madrid have Won their last 6 league matches;Away vs Ath Madrid;2.25;27/09/2025 11:15;1.0;0,692084547;VERDADEIRO
La Liga;Real Madrid have Won their last 6 league matches;Away vs Ath Madrid;2.25;27/09/2025 11:15;1.0;0,692084547;VERDADEIRO
Primera Division;Los Chankas have had BTTS in their last 10 home league matches;Home vs Cusco FC;1.67;04/10/2025 15:00;1.0;0,677605159;VERDADEIRO
Super League;Shanghai Port have had BTTS in their last 10 league matches;Home vs Wuhan Three Towns;1.67;26/09/2025 09:00;1.0;0,677605159;VERDADEIRO
Super League;Shanghai Port have had BTTS in their last 10 league matches;Home vs Wuhan Three Towns;1.67;26/09/2025 09:00;1.0;0,677605159;VERDADEIRO
1. Lig;Adana Demirspor have Lost their last 6 league matches;Home vs Sarıyer;1.11;29/09/2025 14:00;1.0;0,671200397;VERDADEIRO
1. Lig;Adana Demirspor have Lost their last 6 league matches;Home vs Sarıyer;1.11;29/09/2025 14:00;1.0;0,671200397;VERDADEIRO
1. Lig;Adana Demirspor have Lost their last 6 league matches;Home vs Sarıyer;1.11;29/09/2025 14:00;1.0;0,671200397;VERDADEIRO
US MLS;Los Angeles FC have Won their last 6 league matches;Away vs Austin;2.35;12/10/2025 20:00;1.0;0,670495261;VERDADEIRO
J League;Shonan Bellmare have Lost their last 6 league matches;Home vs Tokyo Verdy;2.35;03/10/2025 07:00;1.0;0,670495261;VERDADEIRO
J League;Shonan Bellmare have Lost their last 6 league matches;Home vs Tokyo Verdy;2.35;03/10/2025 07:00;1.0;0,670495261;VERDADEIRO
Superliga;AGF Aarhus have Won their last 6 league matches;Away vs FC Nordsjaelland;2.4;28/09/2025 13:00;1.0;0,670495261;VERDADEIRO
Superliga;AGF Aarhus have Won their last 6 league matches;Away vs FC Nordsjaelland;2.4;28/09/2025 13:00;1.0;0,670495261;VERDADEIRO
US MLS;LA Galaxy have had Over 2.5 Match Goals in their last 6 home league matches;Home vs Sporting KC;1.36;27/09/2025 23:30;1.0;0,668535714;VERDADEIRO
US MLS;LA Galaxy have had Over 2.5 Match Goals in their last 6 home league matches;Home vs Sporting KC;1.36;27/09/2025 23:30;1.0;0,668535714;VERDADEIRO
US MLS;SJ Earthquakes have had Over 2.5 Match Goals in their last 6 away league matches;Away vs San Diego;1.36;27/09/2025 23:30;1.0;0,668535714;VERDADEIRO
US MLS;SJ Earthquakes have had Over 2.5 Match Goals in their last 6 away league matches;Away vs San Diego;1.36;27/09/2025 23:30;1.0;0,668535714;VERDADEIRO
1. Lig;Adana Demirspor have had Over 2.5 Match Goals in their last 6 league matches;Away vs Sivasspor;1.36;25/09/2025 11:00;1.0;0,668535714;VERDADEIRO
1. Lig;Adana Demirspor have had Over 2.5 Match Goals in their last 6 league matches;Away vs Sivasspor;1.36;25/09/2025 11:00;1.0;0,668535714;VERDADEIRO
Toppserien;Brann W have Won their last 6 away league matches;Away vs Vålerenga W;;12/10/2025 12:00;1.0;0,66356241;VERDADEIRO
Primera Division Women;Barcelona W have Won their last 6 league matches;Away vs Atletico Madrid W;;12/10/2025 07:00;1.0;0,66356241;VERDADEIRO
Allsvenskan Women;Pitea W have Lost their last 6 home league matches;Home vs Djurgarden W;;05/10/2025 10:00;1.0;0,66356241;VERDADEIRO
Premier League;Dynamo Kyiv have had BTTS in their last 6 league matches;Home vs Metalist 1925 Kharkiv;;05/10/2025 09:30;1.0;0,66356241;VERDADEIRO
Premier League;Dynamo Kyiv have had Over 2.5 Match Goals in their last 6 league matches;Home vs Metalist 1925 Kharkiv;;05/10/2025 09:30;1.0;0,66356241;VERDADEIRO
Allsvenskan Women;Linkoping W have had Over 2.5 Match Goals in their last 6 league matches;Home vs Brommapojkarna W;;05/10/2025 09:00;1.0;0,66356241;VERDADEIRO
Premier League;Gazovik Orenburg have had Over 2.5 Match Goals in their last 6 league matches;Home vs Rostov;;05/10/2025 06:00;1.0;0,66356241;VERDADEIRO
Premier League;Gazovik Orenburg have had BTTS in their last 6 league matches;Home vs Rostov;;05/10/2025 06:00;1.0;0,66356241;VERDADEIRO
Liga de Expansión MX;Jaiba Brava have had BTTS in their last 6 league matches;Home vs Mineros de Zacatecas;;04/10/2025 22:00;1.0;0,66356241;VERDADEIRO
Allsvenskan Women;Häcken W have had Over 2.5 Match Goals in their last 6 away league matches;Away vs Alingsås W;;04/10/2025 11:00;1.0;0,66356241;VERDADEIRO
Allsvenskan Women;Alingsås W have Lost their last 6 league matches;Home vs Häcken W;;04/10/2025 11:00;1.0;0,66356241;VERDADEIRO
Allsvenskan Women;Häcken W have had Over 2.5 Match Goals in their last 6 away league matches;Away vs Alingsås W;;04/10/2025 11:00;1.0;0,66356241;VERDADEIRO
Allsvenskan Women;Alingsås W have Lost their last 6 league matches;Home vs Häcken W;;04/10/2025 11:00;1.0;0,66356241;VERDADEIRO
Vysshaya Liga;Dinamo Minsk have had BTTS in their last 6 league matches;Away vs Molodechno-DYuSSh 4;;04/10/2025 09:45;1.0;0,66356241;VERDADEIRO
Vysshaya Liga;Dinamo Minsk have had BTTS in their last 6 league matches;Away vs Molodechno-DYuSSh 4;;04/10/2025 09:45;1.0;0,66356241;VERDADEIRO
Allsvenskan Women;Rosengard W have Lost their last 6 league matches;Away vs Malmö FF W;;04/10/2025 08:00;1.0;0,66356241;VERDADEIRO
Allsvenskan Women;Rosengard W have Lost their last 6 league matches;Away vs Malmö FF W;;04/10/2025 08:00;1.0;0,66356241;VERDADEIRO
Vysshaya Liga;Dinamo Minsk have had Over 2.5 Match Goals in their last 6 league matches;Home vs Isloch;;28/09/2025 13:30;1.0;0,66356241;VERDADEIRO
Vysshaya Liga;Dinamo Minsk have had Over 2.5 Match Goals in their last 6 league matches;Home vs Isloch;;28/09/2025 13:30;1.0;0,66356241;VERDADEIRO
Iceland Besta Deildin;Afturelding have had BTTS in their last 6 home league matches;Home vs KA Akureyri;;28/09/2025 13:00;1.0;0,66356241;VERDADEIRO
Iceland Besta Deildin;Afturelding have had BTTS in their last 6 home league matches;Home vs KA Akureyri;;28/09/2025 13:00;1.0;0,66356241;VERDADEIRO
Meistriliiga;Tallinna Kalev have Lost their last 6 league matches;Away vs Levadia;;28/09/2025 11:00;1.0;0,66356241;VERDADEIRO
Meistriliiga;Tallinna Kalev have Lost their last 6 league matches;Away vs Levadia;;28/09/2025 11:00;1.0;0,66356241;VERDADEIRO
Allsvenskan Women;Linkoping W have Lost their last 6 away league matches;Away vs Djurgarden W;;28/09/2025 10:00;1.0;0,66356241;VERDADEIRO
Allsvenskan Women;Linkoping W have Lost their last 6 away league matches;Away vs Djurgarden W;;28/09/2025 10:00;1.0;0,66356241;VERDADEIRO
Allsvenskan Women;Rosengard W have had Over 2.5 Match Goals in their last 6 league matches;Home vs Brommapojkarna W;;28/09/2025 08:00;1.0;0,66356241;VERDADEIRO
Allsvenskan Women;Pitea W have had Over 2.5 Match Goals in their last 6 home league matches;Home vs Vittsjo W;;28/09/2025 08:00;1.0;0,66356241;VERDADEIRO
Allsvenskan Women;Pitea W have had Over 2.5 Match Goals in their last 6 home league matches;Home vs Vittsjo W;;28/09/2025 08:00;1.0;0,66356241;VERDADEIRO
Allsvenskan Women;Rosengard W have had Over 2.5 Match Goals in their last 6 league matches;Home vs Brommapojkarna W;;28/09/2025 08:00;1.0;0,66356241;VERDADEIRO
Serie C;Ponte Preta have Won their last 6 league matches;Home vs Náutico;;27/09/2025 17:00;1.0;0,66356241;VERDADEIRO
Serie C;Ponte Preta have Won their last 6 league matches;Home vs Náutico;;27/09/2025 17:00;1.0;0,66356241;VERDADEIRO
Tweede Divisie;HHC have Won their last 6 league matches;Away vs Spakenburg;;27/09/2025 10:00;1.0;0,66356241;VERDADEIRO
Tweede Divisie;HHC have Won their last 6 league matches;Away vs Spakenburg;;27/09/2025 10:00;1.0;0,66356241;VERDADEIRO
Vysshaya Liga;Vitebsk have Lost their last 6 league matches;Away vs Slutsk;;27/09/2025 09:00;1.0;0,66356241;VERDADEIRO
Vysshaya Liga;Vitebsk have Lost their last 6 league matches;Away vs Slutsk;;27/09/2025 09:00;1.0;0,66356241;VERDADEIRO
Liga de Expansión MX;Dorados have Lost their last 7 league matches;Home vs Atlante;1.57;12/10/2025 00:00;1.0;0,660695817;VERDADEIRO
Finnish Veikkausliiga;Jaro have had Over 2.5 Match Goals in their last 7 league matches;Home vs Haka;1.57;03/10/2025 12:00;1.0;0,660695817;VERDADEIRO
Finnish Veikkausliiga;Jaro have had Over 2.5 Match Goals in their last 7 league matches;Home vs Haka;1.57;03/10/2025 12:00;1.0;0,660695817;VERDADEIRO
Finnish Veikkausliiga;Jaro have had Over 2.5 Match Goals in their last 7 league matches;Home vs Haka;1.57;03/10/2025 12:00;1.0;0,660695817;VERDADEIRO
Finnish Veikkausliiga;Jaro have had Over 2.5 Match Goals in their last 7 league matches;Home vs Haka;1.57;03/10/2025 12:00;1.0;0,660695817;VERDADEIRO
1. SNL;Celje have had Over 2.5 Match Goals in their last 7 league matches;Home vs Maribor;1.57;27/09/2025 15:15;1.0;0,660695817;VERDADEIRO
1. SNL;Celje have had Over 2.5 Match Goals in their last 7 league matches;Home vs Maribor;1.57;27/09/2025 15:15;1.0;0,660695817;VERDADEIRO
Scottish League 2;Edinburgh City have had BTTS in their last 7 league matches;Home vs Forfar;1.57;27/09/2025 11:00;1.0;0,660695817;VERDADEIRO
Scottish League 2;Edinburgh City have had BTTS in their last 7 league matches;Home vs Forfar;1.57;27/09/2025 11:00;1.0;0,660695817;VERDADEIRO
Finnish Ykkosliiga;FC Lahti have had Over 2.5 Match Goals in their last 7 home league matches;Home vs PK-35;1.57;27/09/2025 10:00;1.0;0,660695817;VERDADEIRO
Finnish Ykkosliiga;FC Lahti have had Over 2.5 Match Goals in their last 7 home league matches;Home vs PK-35;1.57;27/09/2025 10:00;1.0;0,660695817;VERDADEIRO
Eredivisie;Heracles Almelo have Lost their last 6 league matches;Home vs Sparta Rotterdam;2.3;27/09/2025 16:00;1.0;0,655048833;VERDADEIRO
Eredivisie;Heracles Almelo have Lost their last 6 league matches;Home vs Sparta Rotterdam;2.3;27/09/2025 16:00;1.0;0,655048833;VERDADEIRO
Super Liga;Crvena Zvezda have Won their last 8 league matches;Away vs Napredak;1.18;05/10/2025 14:00;1.0;0,654830628;VERDADEIRO
Turkish Super Lig;Galatasaray have Won their last 6 league matches;Away vs Alanyaspor;1.39;26/09/2025 14:00;1.0;0,652698935;VERDADEIRO
Turkish Super Lig;Galatasaray have Won their last 6 league matches;Away vs Alanyaspor;1.39;26/09/2025 14:00;1.0;0,652698935;VERDADEIRO
Bolivia Primera Division;Always Ready have Won their last 8 home league matches;Home vs Real Oruro;1.19;29/09/2025 18:30;1.0;0,649830628;VERDADEIRO
Bolivia Primera Division;Always Ready have Won their last 8 home league matches;Home vs Real Oruro;1.19;29/09/2025 18:30;1.0;0,649830628;VERDADEIRO
Bolivia Primera Division;Always Ready have Won their last 8 home league matches;Home vs Real Oruro;1.19;29/09/2025 18:30;1.0;0,649830628;VERDADEIRO
Super League;Shandong Taishan have Won their last 6 home league matches;Home vs Yunnan Yukun;1.37;04/10/2025 08:35;1.0;0,646431078;VERDADEIRO
Super League;Shandong Taishan have Won their last 6 home league matches;Home vs Yunnan Yukun;1.37;04/10/2025 08:35;1.0;0,646431078;VERDADEIRO
Turkish Super Lig;Galatasaray have Won their last 7 league matches;Home vs Besiktas;1.56;04/10/2025 14:00;1.0;0,642945817;VERDADEIRO
Meistriliiga;Levadia have had Over 2.5 Match Goals in their last 8 league matches;Home vs Tammeka;1.28;05/10/2025 08:30;1.0;0,63896158;VERDADEIRO
Finnish Ykkosliiga;SJK Akatemia have had Over 2.5 Match Goals in their last 8 away league matches;Away vs Klubi-04;1.25;24/09/2025 14:00;1.0;0,63896158;VERDADEIRO
Finnish Ykkosliiga;SJK Akatemia have had Over 2.5 Match Goals in their last 8 away league matches;Away vs Klubi-04;1.25;24/09/2025 14:00;1.0;0,63896158;VERDADEIRO
Finnish Ykkosliiga;SJK Akatemia have had BTTS in their last 8 away league matches;Away vs Klubi-04;1.28;24/09/2025 14:00;1.0;0,63896158;VERDADEIRO
Finnish Ykkosliiga;SJK Akatemia have had BTTS in their last 8 away league matches;Away vs Klubi-04;1.28;24/09/2025 14:00;1.0;0,63896158;VERDADEIRO
Scottish League 2;Dumbarton have had BTTS in their last 8 league matches;Away vs Stirling;1.57;04/10/2025 11:00;1.0;0,632704114;VERDADEIRO
Scottish League 2;Dumbarton have had BTTS in their last 8 league matches;Away vs Stirling;1.57;04/10/2025 11:00;1.0;0,632704114;VERDADEIRO
Scottish League 2;Dumbarton have had BTTS in their last 8 league matches;Away vs Stirling;1.57;04/10/2025 11:00;1.0;0,632704114;VERDADEIRO
Scottish League 2;Dumbarton have had BTTS in their last 8 league matches;Away vs Stirling;1.57;04/10/2025 11:00;1.0;0,632704114;VERDADEIRO
Finnish Ykkosliiga;SJK Akatemia have had Over 2.5 Match Goals in their last 9 away league matches;Away vs FC Lahti;1.28;03/10/2025 12:30;1.0;0,632033009;VERDADEIRO
Finnish Ykkosliiga;SJK Akatemia have had Over 2.5 Match Goals in their last 9 away league matches;Away vs FC Lahti;1.28;03/10/2025 12:30;1.0;0,632033009;VERDADEIRO
Finnish Ykkosliiga;SJK Akatemia have had Over 2.5 Match Goals in their last 9 away league matches;Away vs FC Lahti;1.28;03/10/2025 12:30;1.0;0,632033009;VERDADEIRO
Finnish Ykkosliiga;SJK Akatemia have had Over 2.5 Match Goals in their last 9 away league matches;Away vs FC Lahti;1.28;03/10/2025 12:30;1.0;0,632033009;VERDADEIRO
1. SNL;Celje have had Over 2.5 Match Goals in their last 6 away league matches;Away vs Radomlje;1.4;05/10/2025 15:15;1.0;0,631393379;VERDADEIRO
1. SNL;Celje have had Over 2.5 Match Goals in their last 6 away league matches;Away vs Radomlje;1.4;05/10/2025 15:15;1.0;0,631393379;VERDADEIRO
1. SNL;Celje have had Over 2.5 Match Goals in their last 6 away league matches;Away vs Radomlje;1.4;05/10/2025 15:15;1.0;0,631393379;VERDADEIRO
Super Liga;Crvena Zvezda have Won their last 8 league matches;Away vs Napredak;1.2;05/10/2025 14:00;1.0;0,630294913;VERDADEIRO
Super Liga;Crvena Zvezda have Won their last 8 league matches;Away vs Napredak;1.2;05/10/2025 14:00;1.0;0,630294913;VERDADEIRO
Colombia Primera B;Leones FC have Lost their last 6 league matches;Away vs Cúcuta Deportivo;1.25;05/10/2025 18:00;1.0;0,621414683;VERDADEIRO
Premier League;Forge have Won their last 6 home league matches;Home vs Vancouver FC;1.27;04/10/2025 17:30;1.0;0,621414683;VERDADEIRO
Norwegian 1. Division;Lillestrøm have Won their last 11 league matches;Home vs Hødd;1.17;04/10/2025 11:00;1.0;0,618354437;VERDADEIRO
Norwegian 1. Division;Lillestrøm have Won their last 11 league matches;Home vs Hødd;1.17;04/10/2025 11:00;1.0;0,618354437;VERDADEIRO
Finnish Ykkosliiga;SJK Akatemia have had BTTS in their last 6 league matches;Away vs Klubi-04;1.28;24/09/2025 14:00;1.0;0,616414683;VERDADEIRO
Finnish Ykkosliiga;SJK Akatemia have had BTTS in their last 6 league matches;Away vs Klubi-04;1.28;24/09/2025 14:00;1.0;0,616414683;VERDADEIRO
Norwegian 1. Division;Sogndal have had BTTS in their last 11 league matches;Away vs Aalesunds FK;1.67;04/10/2025 11:00;1.0;0,606593254;VERDADEIRO
Norwegian 1. Division;Sogndal have had BTTS in their last 11 league matches;Away vs Aalesunds FK;1.67;04/10/2025 11:00;1.0;0,606593254;VERDADEIRO
Norwegian 1. Division;Sogndal have had BTTS in their last 11 league matches;Away vs Aalesunds FK;1.67;04/10/2025 11:00;1.0;0,606593254;VERDADEIRO
Serie B;Catanzaro have Drew their last 6 league matches;Away vs Monza;3.5;04/10/2025 10:00;1.0;0,598926984;VERDADEIRO
Serie B;Catanzaro have Drew their last 6 league matches;Away vs Monza;3.5;04/10/2025 10:00;1.0;0,598926984;VERDADEIRO
Premier League;Valour have had Over 2.5 Match Goals in their last 10 away league matches;Away vs York9;1.72;28/09/2025 16:00;1.0;0,598795635;VERDADEIRO
Premier League;Valour have had Over 2.5 Match Goals in their last 10 away league matches;Away vs York9;1.72;28/09/2025 16:00;1.0;0,598795635;VERDADEIRO
League One;Heilongjiang Lava Spring have Won their last 6 home league matches;Home vs Nantong Zhiyun;3.1;12/10/2025 08:30;1.0;0,593926984;VERDADEIRO
Primera Division;Deportivo Riestra have Won their last 6 home league matches;Home vs Vélez Sarsfield;3.25;06/10/2025 19:00;1.0;0,593926984;VERDADEIRO
Colombia Primera A;Envigado have Drew their last 6 home league matches;Home vs Atlético Bucaramanga;3.2;04/10/2025 16:00;1.0;0,593926984;VERDADEIRO
US MLS;Nashville SC (MLS)have Lost their last 6 away league matches;Away vs CF Montréal;3.3;04/10/2025 15:30;1.0;0,593926984;VERDADEIRO
Pro League;Dender have Lost their last 6 league matches;Home vs La Louvière;2.7;28/09/2025 14:15;1.0;59%;VERDADEIRO
Pro League;Dender have Lost their last 6 league matches;Home vs La Louvière;2.7;28/09/2025 14:15;1.0;0,593926984;VERDADEIRO
Pro League;Dender have Lost their last 6 league matches;Home vs La Louvière;2.7;28/09/2025 14:15;1.0;0,593926984;VERDADEIRO
Championship;Sheffield United have Lost their last 6 league matches;Away vs Oxford;3.0;27/09/2025 11:00;1.0;0,593926984;VERDADEIRO
Championship;Sheffield United have Lost their last 6 league matches;Away vs Oxford;3.0;27/09/2025 11:00;1.0;0,593926984;VERDADEIRO
Meistriliiga;Flora have Won their last 6 league matches;Home vs Levadia;3.0;24/09/2025 13:00;1.0;0,593926984;VERDADEIRO
Meistriliiga;Flora have Won their last 6 league matches;Home vs Levadia;3.0;24/09/2025 13:00;1.0;0,593926984;VERDADEIRO
Venezuela Primera Division;Yaracuyanos have Lost their last 7 away league matches;Away vs Estudiantes Mérida;1.36;05/10/2025 16:30;1.0;0,591253247;VERDADEIRO
Venezuela Primera Division;Yaracuyanos have Lost their last 7 away league matches;Away vs Estudiantes Mérida;1.36;05/10/2025 16:30;1.0;0,591253247;VERDADEIRO
Iceland Besta Deildin;Valur have had BTTS in their last 7 home league matches;Home vs Stjarnan;1.36;04/10/2025 17:00;1.0;0,591253247;VERDADEIRO
Iceland Besta Deildin;Valur have had BTTS in their last 7 home league matches;Home vs Stjarnan;1.36;04/10/2025 16:15;1.0;0,591253247;VERDADEIRO
Iceland Besta Deildin;Valur have had BTTS in their last 7 home league matches;Home vs Stjarnan;1.36;04/10/2025 16:15;1.0;0,591253247;VERDADEIRO
Iceland Besta Deildin;Afturelding have had BTTS in their last 7 away league matches;Away vs KR Reykjavík;1.36;04/10/2025 11:00;1.0;0,591253247;VERDADEIRO
Iceland Besta Deildin;Afturelding have had BTTS in their last 7 away league matches;Away vs KR Reykjavík;1.36;04/10/2025 11:00;1.0;0,591253247;VERDADEIRO
Norwegian 1. Division;Lillestrøm have had Over 2.5 Match Goals in their last 7 league matches;Home vs Hødd;1.36;04/10/2025 11:00;1.0;0,591253247;VERDADEIRO
Iceland Besta Deildin;Afturelding have had BTTS in their last 7 away league matches;Away vs KR Reykjavík;1.36;04/10/2025 11:00;1.0;0,591253247;VERDADEIRO
Iceland Besta Deildin;Afturelding have had BTTS in their last 7 away league matches;Away vs KR Reykjavík;1.36;04/10/2025 11:00;1.0;0,591253247;VERDADEIRO
Norwegian 1. Division;Lillestrøm have had Over 2.5 Match Goals in their last 7 league matches;Home vs Hødd;1.36;04/10/2025 11:00;1.0;0,591253247;VERDADEIRO
1. Lig;Adana Demirspor have had Over 2.5 Match Goals in their last 7 league matches;Home vs Sarıyer;1.36;29/09/2025 14:00;1.0;0,591253247;VERDADEIRO
1. Lig;Adana Demirspor have had Over 2.5 Match Goals in their last 7 league matches;Home vs Sarıyer;1.36;29/09/2025 14:00;1.0;0,591253247;VERDADEIRO
1. Lig;Adana Demirspor have had Over 2.5 Match Goals in their last 7 league matches;Home vs Sarıyer;1.36;29/09/2025 14:00;1.0;0,591253247;VERDADEIRO
US MLS;Sporting KC have had Over 2.5 Match Goals in their last 7 away league matches;Away vs LA Galaxy;1.36;27/09/2025 23:30;1.0;0,591253247;VERDADEIRO
US MLS;Sporting KC have had Over 2.5 Match Goals in their last 7 away league matches;Away vs LA Galaxy;1.36;27/09/2025 23:30;1.0;0,591253247;VERDADEIRO
Allsvenskan Women;Linkoping W have had Over 2.5 Match Goalsin their last 8 league matches;Home vs AIK W;;17/10/2025 14:00;1.0;0,588392899;VERDADEIRO
Allsvenskan Women;Linkoping W have had Over 2.5 Match Goalsin their last 8 home league matches;Home vs AIK W;;17/10/2025 14:00;1.0;0,588392899;VERDADEIRO
Toppserien;Vålerenga W have Won their last 8 home league matches;Home vs Brann W;;12/10/2025 12:00;1.0;0,588392899;VERDADEIRO
US NWSL;Chicago Red Stars W have had BTTS in their last 8 home league matches;Home vs Utah Royals W;;05/10/2025 17:00;1.0;0,588392899;VERDADEIRO
Allsvenskan Women;Brommapojkarna W have had BTTS in their last 8 league matches;Away vs Linkoping W;;05/10/2025 09:00;1.0;0,588392899;VERDADEIRO
Allsvenskan Women;Brommapojkarna W have had Over 2.5 Match Goals in their last 8 league matches;Away vs Linkoping W;;05/10/2025 09:00;1.0;0,588392899;VERDADEIRO
Honduras Liga Nacional;Olancho have had BTTS in their last 8 league matches;Away vs Victoria;;04/10/2025 20:15;1.0;0,588392899;VERDADEIRO
Honduras Liga Nacional;Olancho have had BTTS in their last 8 league matches;Away vs Victoria;;04/10/2025 20:15;1.0;0,588392899;VERDADEIRO
Honduras Liga Nacional;Olancho have had BTTS in their last 8 league matches;Away vs Victoria;;04/10/2025 20:15;1.0;0,588392899;VERDADEIRO
Super league;Dinamo Samarqand have had BTTS in their last 8 away league matches;Away vs Surkhon Termez;;04/10/2025 09:00;1.0;0,588392899;VERDADEIRO
Super league;Dinamo Samarqand have had BTTS in their last 8 away league matches;Away vs Surkhon Termez;;04/10/2025 09:00;1.0;0,588392899;VERDADEIRO
1. Lig;Adana Demirspor have had Over 2.5 Match Goals in their last 8 league matches;Away vs Pendikspor;;04/10/2025 07:30;1.0;0,588392899;VERDADEIRO
1. Lig;Adana Demirspor have had Over 2.5 Match Goals in their last 8 league matches;Away vs Pendikspor;;04/10/2025 07:30;1.0;0,588392899;VERDADEIRO
1. Lig;Adana Demirspor have had Over 2.5 Match Goals in their last 8 league matches;Away vs Pendikspor;;04/10/2025 07:30;1.0;0,588392899;VERDADEIRO
1. Lig;Adana Demirspor have had Over 2.5 Match Goals in their last 8 league matches;Away vs Pendikspor;;04/10/2025 07:30;1.0;0,588392899;VERDADEIRO
Allsvenskan Women;Växjö W have had Over 2.5 Match Goals in their last 8 league matches;Home vs Hammarby W;;28/09/2025 11:00;1.0;0,588392899;VERDADEIRO
Allsvenskan Women;Växjö W have had Over 2.5 Match Goals in their last 8 league matches;Home vs Hammarby W;;28/09/2025 11:00;1.0;0,588392899;VERDADEIRO
Premier League;Lokomotiv M have had BTTS in their last 8 league matches;Home vs Rubin Kazan;;27/09/2025 10:30;1.0;0,588392899;VERDADEIRO
Premier League;Lokomotiv M have had BTTS in their last 8 league matches;Home vs Rubin Kazan;;27/09/2025 10:30;1.0;0,588392899;VERDADEIRO
Liga Pro Serie B;Chacaritas have had BTTS in their last 7 home league matches;Home vs 22 de Julio;;08/10/2025 17:00;1.0;0,581982642;VERDADEIRO
Liga Pro Serie B;Chacaritas have had BTTS in their last 7 home league matches;Home vs 22 de Julio;;08/10/2025 17:00;1.0;0,581982642;VERDADEIRO
Allsvenskan Women;Pitea W have had Over 2.5 Match Goals in their last 7 home league matches;Home vs Djurgarden W;;05/10/2025 10:00;1.0;0,581982642;VERDADEIRO
Allsvenskan Women;Växjö W have had Over 2.5 Match Goals in their last 7 away league matches;Away vs Norrköping W;;05/10/2025 10:00;1.0;0,581982642;VERDADEIRO
Allsvenskan Women;Linkoping W have had Over 2.5 Match Goals in their last 7 home league matches;Home vs Brommapojkarna W;;05/10/2025 09:00;1.0;0,581982642;VERDADEIRO
US NWSL;Bay FC W have had BTTS in their last 7 away league matches;Away vs Portland Thorns W;;04/10/2025 23:00;1.0;0,581982642;VERDADEIRO
Allsvenskan Women;Häcken W have Won their last 7 away league matches;Away vs Alingsås W;;04/10/2025 11:00;1.0;0,581982642;VERDADEIRO
Allsvenskan Women;Häcken W have Won their last 7 away league matches;Away vs Alingsås W;;04/10/2025 11:00;1.0;0,581982642;VERDADEIRO
Vysshaya Liga;Dinamo Minsk have had Over 2.5 Match Goals in their last 7 league matches;Away vs Molodechno-DYuSSh 4;;04/10/2025 09:45;1.0;0,581982642;VERDADEIRO
Vysshaya Liga;Dinamo Minsk have had Over 2.5 Match Goals in their last 7 league matches;Away vs Molodechno-DYuSSh 4;;04/10/2025 09:45;1.0;0,581982642;VERDADEIRO
Tweede Divisie;HHC have Won their last 7 league matches;Home vs Jong Sparta;;04/10/2025 09:30;1.0;0,581982642;VERDADEIRO
Tweede Divisie;HHC have Won their last 7 league matches;Home vs Jong Sparta;;04/10/2025 09:30;1.0;0,581982642;VERDADEIRO
Allsvenskan Women;Rosengard W have had Over 2.5 Match Goals in their last 7 league matches;Away vs Malmö FF W;;04/10/2025 08:00;1.0;0,581982642;VERDADEIRO
Allsvenskan Women;Rosengard W have had Over 2.5 Match Goals in their last 7 league matches;Away vs Malmö FF W;;04/10/2025 08:00;1.0;0,581982642;VERDADEIRO
1. Lig;Adana Demirspor have Lost their last 7 league matches;Away vs Pendikspor;;04/10/2025 07:30;1.0;0,581982642;VERDADEIRO
1. Lig;Adana Demirspor have Lost their last 7 league matches;Away vs Pendikspor;;04/10/2025 07:30;1.0;0,581982642;VERDADEIRO
1. Lig;Adana Demirspor have Lost their last 7 league matches;Away vs Pendikspor;;04/10/2025 07:30;1.0;0,581982642;VERDADEIRO
1. Lig;Adana Demirspor have Lost their last 7 league matches;Away vs Pendikspor;;04/10/2025 07:30;1.0;0,581982642;VERDADEIRO
Super Liga;Čukarički have had BTTS in their last 7 league matches;Away vs Mladost Lučani;;28/09/2025 12:00;1.0;0,581982642;VERDADEIRO
Super Liga;Čukarički have had BTTS in their last 7 league matches;Away vs Mladost Lučani;;28/09/2025 12:00;1.0;0,581982642;VERDADEIRO
Meistriliiga;Levadia have had BTTS in their last 7 league matches;Home vs Tallinna Kalev;;28/09/2025 11:00;1.0;0,581982642;VERDADEIRO
Meistriliiga;Levadia have had Over 2.5 Match Goals in their last 7 league matches;Home vs Tallinna Kalev;;28/09/2025 11:00;1.0;0,581982642;VERDADEIRO
Meistriliiga;Levadia have had Over 2.5 Match Goals in their last 7 league matches;Home vs Tallinna Kalev;;28/09/2025 11:00;1.0;0,581982642;VERDADEIRO
Meistriliiga;Levadia have had BTTS in their last 7 league matches;Home vs Tallinna Kalev;;28/09/2025 11:00;1.0;0,581982642;VERDADEIRO
Allsvenskan Women;Brommapojkarna W have had BTTS in their last 7 league matches;Away vs Rosengard W;;28/09/2025 08:00;1.0;0,581982642;VERDADEIRO
Allsvenskan Women;Brommapojkarna W have had BTTS in their last 7 league matches;Away vs Rosengard W;;28/09/2025 08:00;1.0;0,581982642;VERDADEIRO
Allsvenskan Women;Brommapojkarna W have had Over 2.5 Match Goals in their last 7 league matches;Away vs Rosengard W;;28/09/2025 08:00;1.0;0,581982642;VERDADEIRO
Allsvenskan Women;Brommapojkarna W have had Over 2.5 Match Goals in their last 7 league matches;Away vs Rosengard W;;28/09/2025 08:00;1.0;0,581982642;VERDADEIRO
Honduras Liga Nacional;Olancho have had BTTS in their last 7 league matches;Home vs Real España;;27/09/2025 22:30;1.0;0,581982642;VERDADEIRO
Honduras Liga Nacional;Olancho have had BTTS in their last 7 league matches;Home vs Real España;;27/09/2025 22:30;1.0;0,581982642;VERDADEIRO
Iceland 1 Deild;Keflavík have had Over 2.5 Match Goals in their last 7 home league matches;Home vs HK;;27/09/2025 13:15;1.0;0,581982642;VERDADEIRO
Iceland 1 Deild;Keflavík have had Over 2.5 Match Goals in their last 7 home league matches;Home vs HK;;27/09/2025 13:15;1.0;0,581982642;VERDADEIRO
Liga Pro Serie B;Chacaritas have had BTTS in their last 7 league matches;Away vs Vargas Torres;;25/09/2025 17:30;1.0;0,581982642;VERDADEIRO
Liga Pro Serie B;Chacaritas have had BTTS in their last 7 league matches;Away vs Vargas Torres;;25/09/2025 17:30;1.0;0,581982642;VERDADEIRO
Toppserien;Kolbotn W have Lost their last 7 league matches;Home vs Stabæk W;;25/09/2025 13:00;1.0;0,581982642;VERDADEIRO
Toppserien;Kolbotn W have Lost their last 7 league matches;Home vs Stabæk W;;25/09/2025 13:00;1.0;0,581982642;VERDADEIRO
Toppserien;Vålerenga W have Won their last 7 home league matches;Home vs Lyn W;;24/09/2025 13:00;1.0;0,581982642;VERDADEIRO
Toppserien;Vålerenga W have Won their last 7 home league matches;Home vs Lyn W;;24/09/2025 13:00;1.0;0,581982642;VERDADEIRO
Meistriliiga;Tallinna Kalev have Lost their last 7 league matches;Home vs Trans;1.38;04/10/2025 11:00;1.0;0,581827182;VERDADEIRO
Liga de Expansión MX;CA La Paz have had Over 2.5 Match Goals in their last 6 league matches;Home vs Cancún;1.53;04/10/2025 00:00;1.0;0,579882685;VERDADEIRO
Liga de Expansión MX;CA La Paz have had Over 2.5 Match Goals in their last 6 league matches;Home vs Cancún;1.53;04/10/2025 00:00;1.0;0,579882685;VERDADEIRO
Eerste Divisie;FC Den Bosch have had Over 2.5 Match Goals in their last 6 league matches;Away vs VVV-Venlo;1.53;30/09/2025 15:00;1.0;0,579882685;VERDADEIRO
Eerste Divisie;FC Den Bosch have had Over 2.5 Match Goals in their last 6 league matches;Away vs VVV-Venlo;1.53;30/09/2025 15:00;1.0;0,579882685;VERDADEIRO
Eerste Divisie;FC Den Bosch have had Over 2.5 Match Goals in their last 6 league matches;Away vs VVV-Venlo;1.53;30/09/2025 15:00;1.0;0,579882685;VERDADEIRO
US MLS;Orlando City SC have had BTTS in their last 6 away league matches;Away vs Cincinnati;1.53;28/09/2025 20:00;1.0;0,579882685;VERDADEIRO
US MLS;Orlando City SC have had BTTS in their last 6 away league matches;Away vs Cincinnati;1.53;28/09/2025 20:00;1.0;0,579882685;VERDADEIRO
Bolivia Primera Division;The Strongest have Won their last 9 home league matches;Home vs Oriente Petrolero;1.3;29/09/2025 16:00;1.0;0,576158009;VERDADEIRO
Bolivia Primera Division;The Strongest have Won their last 9 home league matches;Home vs Oriente Petrolero;1.3;29/09/2025 16:00;1.0;0,576158009;VERDADEIRO
Bolivia Primera Division;The Strongest have Won their last 9 home league matches;Home vs Oriente Petrolero;1.3;29/09/2025 16:00;1.0;0,576158009;VERDADEIRO
Super League;Shandong Taishan have had Over 2.5 Match Goals in their last 6 home league matches;Home vs Yunnan Yukun;1.3;04/10/2025 08:35;1.0;0,570527778;VERDADEIRO
Super League;Shandong Taishan have had Over 2.5 Match Goals in their last 6 home league matches;Home vs Yunnan Yukun;1.3;04/10/2025 08:35;1.0;0,570527778;VERDADEIRO
1. SNL;Celje have had Over 2.5 Match Goals in their last 8 league matches;Away vs Radomlje;1.4;05/10/2025 15:15;1.0;0,568827945;VERDADEIRO
1. SNL;Celje have had Over 2.5 Match Goals in their last 8 league matches;Away vs Radomlje;1.4;05/10/2025 15:15;1.0;0,568827945;VERDADEIRO
1. SNL;Celje have had Over 2.5 Match Goals in their last 8 league matches;Away vs Radomlje;1.4;05/10/2025 15:15;1.0;0,568827945;VERDADEIRO
US MLS;SJ Earthquakes have had BTTS in their last 8 away league matches;Away vs San Diego;1.4;27/09/2025 23:30;1.0;0,568827945;VERDADEIRO
US MLS;SJ Earthquakes have had BTTS in their last 8 away league matches;Away vs San Diego;1.4;27/09/2025 23:30;1.0;0,568827945;VERDADEIRO
Allsvenskan Women;Växjö W have had Over 2.5 Match Goals in their last 9 league matches;Away vs Norrköping W;;05/10/2025 10:00;1.0;0,564009199;VERDADEIRO
League One;Shenzhen Juniors have had Over 2.5 Match Goals in their last 9 league matches;Away vs Guangzhou E-Power;;05/10/2025 08:30;1.0;0,564009199;VERDADEIRO
Iceland Besta Deildin;Valur have had BTTS in their last 9 league matches;Away vs Fram;;28/09/2025 16:15;1.0;0,564009199;VERDADEIRO
Iceland Besta Deildin;Valur have had BTTS in their last 9 league matches;Away vs Fram;;28/09/2025 16:15;1.0;0,564009199;VERDADEIRO
Vysshaya Liga;Dinamo Minsk have Won their last 9 home league matches;Home vs Isloch;;28/09/2025 13:30;1.0;0,564009199;VERDADEIRO
Vysshaya Liga;Dinamo Minsk have Won their last 9 home league matches;Home vs Isloch;;28/09/2025 13:30;1.0;0,564009199;VERDADEIRO
Finnish Ykkosliiga;SalPa have had Over 2.5 Match Goals in their last 9 away league matches;Away vs Klubi-04;;27/09/2025 13:30;1.0;0,564009199;VERDADEIRO
Finnish Ykkosliiga;SalPa have had Over 2.5 Match Goals in their last 9 away league matches;Away vs Klubi-04;;27/09/2025 13:30;1.0;0,564009199;VERDADEIRO
Iceland 1 Deild;Keflavík have had Over 2.5 Match Goals in their last 9 league matches;Home vs HK;;27/09/2025 13:15;1.0;0,564009199;VERDADEIRO
Iceland 1 Deild;Keflavík have had Over 2.5 Match Goals in their last 9 league matches;Home vs HK;;27/09/2025 13:15;1.0;0,564009199;VERDADEIRO
Allsvenskan Women;Alingsås W have Lost their last 9 away league matches;Away vs Norrköping W;;27/09/2025 10:00;1.0;0,564009199;VERDADEIRO
Allsvenskan Women;Alingsås W have Lost their last 9 away league matches;Away vs Norrköping W;;27/09/2025 10:00;1.0;0,564009199;VERDADEIRO
Super League;Shandong Taishan have had Over 2.5 Match Goals in their last 6 home league matches;Home vs Yunnan Yukun;1.33;04/10/2025 08:35;1.0;0,561194444;VERDADEIRO
Super League;Shandong Taishan have had Over 2.5 Match Goals in their last 6 home league matches;Home vs Yunnan Yukun;1.33;04/10/2025 08:35;1.0;0,561194444;VERDADEIRO
Portugese Liga NOS;Porto have Won their last 6 league matches;Away vs Arouca;1.33;29/09/2025 16:00;1.0;0,561194444;VERDADEIRO
Portugese Liga NOS;Porto have Won their last 6 league matches;Away vs Arouca;1.33;29/09/2025 16:00;1.0;0,561194444;VERDADEIRO
Portugese Liga NOS;Porto have Won their last 6 league matches;Away vs Arouca;1.33;29/09/2025 16:00;1.0;0,561194444;VERDADEIRO
Eerste Divisie;Den Haag have Won their last 6 league matches;Away vs Jong AZ;1.46;03/10/2025 15:00;1.0;0,560431078;VERDADEIRO
Eerste Divisie;Den Haag have Won their last 6 league matches;Away vs Jong AZ;1.46;03/10/2025 15:00;1.0;0,560431078;VERDADEIRO
Eerste Divisie;Den Haag have Won their last 6 league matches;Away vs Jong AZ;1.46;03/10/2025 15:00;1.0;0,560431078;VERDADEIRO
Eerste Divisie;Den Haag have Won their last 6 league matches;Away vs Jong AZ;1.46;03/10/2025 15:00;1.0;0,560431078;VERDADEIRO
Super League;Shandong Taishan have had Over 2.5 Match Goals in their last 8 league matches;Home vs Yunnan Yukun;1.3;04/10/2025 08:35;1.0;0,560050866;VERDADEIRO
Super League;Shandong Taishan have had Over 2.5 Match Goals in their last 8 league matches;Home vs Yunnan Yukun;1.3;04/10/2025 08:35;1.0;0,560050866;VERDADEIRO
Bolivia Primera Division;The Strongest have had Over 2.5 Match Goals in their last 8 home league matches;Home vs Oriente Petrolero;1.3;29/09/2025 16:00;1.0;0,560050866;VERDADEIRO
Bolivia Primera Division;The Strongest have had Over 2.5 Match Goals in their last 8 home league matches;Home vs Oriente Petrolero;1.3;29/09/2025 16:00;1.0;0,560050866;VERDADEIRO
Bolivia Primera Division;The Strongest have had Over 2.5 Match Goals in their last 8 home league matches;Home vs Oriente Petrolero;1.3;29/09/2025 16:00;1.0;0,560050866;VERDADEIRO
US MLS;SJ Earthquakes have had Over 2.5 Match Goals in their last 10 league matches;Away vs San Diego;1.36;27/09/2025 23:30;1.0;0,558259199;VERDADEIRO
US MLS;SJ Earthquakes have had Over 2.5 Match Goals in their last 10 league matches;Away vs San Diego;1.36;27/09/2025 23:30;1.0;0,558259199;VERDADEIRO
USL Championship;Orange County have had Over 2.5 Match Goals in their last 10 home league matches;Home vs Charleston Battery;1.85;27/09/2025 23:00;1.0;0,554393674;VERDADEIRO
USL Championship;Orange County have had Over 2.5 Match Goals in their last 10 home league matches;Home vs Charleston Battery;1.85;27/09/2025 23:00;1.0;0,554393674;VERDADEIRO
1. HNL;Slaven Koprivnica have had Over 2.5 Match Goals in their last 6 league matches;Away vs Dinamo Zagreb;1.5;28/09/2025 13:15;1.0;0,553794482;VERDADEIRO
1. HNL;Slaven Koprivnica have had Over 2.5 Match Goals in their last 6 league matches;Away vs Dinamo Zagreb;1.5;28/09/2025 13:15;1.0;0,553794482;VERDADEIRO
Primera Division;Cusco FC have Won their last 6 home league matches;Home vs ADT;1.5;22/09/2025 21:15;1.0;0,553794482;VERDADEIRO
Iceland Besta Deildin;Víkingur Reykjavík have had BTTS in their last 10 home league matches;Home vs FH;1.61;05/10/2025 16:15;1.0;0,551375;VERDADEIRO
Super League;Shandong Taishan have Won their last 6 home league matches;Home vs Yunnan Yukun;1.41;04/10/2025 08:35;1.0;0,550242586;VERDADEIRO
Super League;Shandong Taishan have Won their last 6 home league matches;Home vs Yunnan Yukun;1.41;04/10/2025 08:35;1.0;0,550242586;VERDADEIRO
Iceland Besta Deildin;Afturelding have had BTTS in their last 14 league matches;Away vs KR Reykjavík;1.36;04/10/2025 11:00;1.0;0,54196158;VERDADEIRO
Iceland Besta Deildin;Afturelding have had BTTS in their last 14 league matches;Away vs KR Reykjavík;1.36;04/10/2025 11:00;1.0;0,54196158;VERDADEIRO
Iceland Besta Deildin;Afturelding have had BTTS in their last 14 league matches;Away vs KR Reykjavík;1.36;04/10/2025 11:00;1.0;0,54196158;VERDADEIRO
Iceland Besta Deildin;Afturelding have had BTTS in their last 14 league matches;Away vs KR Reykjavík;1.36;04/10/2025 11:00;1.0;0,54196158;VERDADEIRO
Liga de Expansión MX;Dorados have Lost their last 6 league matches;Away vs Universidad Guadalajara;1.45;04/10/2025 22:00;1.0;0,541681078;VERDADEIRO
Liga de Expansión MX;Dorados have Lost their last 6 league matches;Away vs Universidad Guadalajara;1.45;04/10/2025 22:00;1.0;0,541681078;VERDADEIRO
Liga de Expansión MX;Dorados have Lost their last 6 league matches;Away vs Universidad Guadalajara;1.45;04/10/2025 22:00;1.0;0,541681078;VERDADEIRO
Meistriliiga;Levadia have had Over 2.5 Match Goals in their last 8 league matches;Home vs Tammeka;1.33;05/10/2025 08:30;1.0;0,541300866;VERDADEIRO
Meistriliiga;Levadia have had Over 2.5 Match Goals in their last 8 league matches;Home vs Tammeka;1.33;05/10/2025 08:30;1.0;0,541300866;VERDADEIRO
Super League;Shandong Taishan have had Over 2.5 Match Goals in their last 8 league matches;Home vs Yunnan Yukun;1.33;04/10/2025 08:35;1.0;0,541300866;VERDADEIRO
Super League;Shandong Taishan have had Over 2.5 Match Goals in their last 8 league matches;Home vs Yunnan Yukun;1.33;04/10/2025 08:35;1.0;0,541300866;VERDADEIRO
K League 1;Daegu have had Over 2.5 Match Goals in their last 13 away league matches;Away vs Gwangju;1.85;04/10/2025 02:00;1.0;0,539206349;VERDADEIRO
K League 1;Daegu have had Over 2.5 Match Goals in their last 13 away league matches;Away vs Gwangju;1.85;04/10/2025 02:00;1.0;0,539206349;VERDADEIRO
K League 1;Daegu have had Over 2.5 Match Goals in their last 13 away league matches;Away vs Gwangju;1.85;04/10/2025 02:00;1.0;0,539206349;VERDADEIRO
K League 1;Daegu have had Over 2.5 Match Goals in their last 13 away league matches;Away vs Gwangju;1.85;04/10/2025 02:00;1.0;0,539206349;VERDADEIRO
Liga MX;Cruz Azul have Won their last 7 league matches;Home vs Querétaro;1.19;24/09/2025 21:00;1.0;0,531533009;VERDADEIRO
Liga MX;Cruz Azul have Won their last 7 league matches;Home vs Querétaro;1.19;24/09/2025 21:00;1.0;0,531533009;VERDADEIRO
Toppserien;Brann W have Won their last 10 league matches;Away vs Vålerenga W;;12/10/2025 12:00;1.0;0,524009199;VERDADEIRO
Iceland 1 Deild;HK have had Over 2.5 Match Goals in their last 10 away league matches;Away vs Keflavík;;27/09/2025 13:15;1.0;0,524009199;VERDADEIRO
Iceland 1 Deild;HK have had Over 2.5 Match Goals in their last 10 away league matches;Away vs Keflavík;;27/09/2025 13:15;1.0;0,524009199;VERDADEIRO
Super Liga;Crvena Zvezda have Won their last 7 league matches;Home vs Radnički Kragujevac;1.2;28/09/2025 14:00;1.0;0,507997294;VERDADEIRO
Super Liga;Crvena Zvezda have Won their last 7 league matches;Home vs Radnički Kragujevac;1.2;28/09/2025 14:00;1.0;0,507997294;VERDADEIRO
Super Liga;Crvena Zvezda have Won their last 7 league matches;Home vs Radnički Kragujevac;1.2;28/09/2025 14:00;1.0;0,507997294;VERDADEIRO
USL Championship;Orange County have had Over 2.5 Match Goals in their last 11 home league matches;Home vs El Paso Locomotive;1.8;04/10/2025 23:00;0.0;0,49728373;FALSO
Iceland Besta Deildin;Afturelding have had BTTS in their last 6 home league matches;Home vs KA Akureyri;1.44;28/09/2025 13:00;0.0;0,484236633;FALSO
Eredivisie;NEC Nijmegen have had Over 2.5 Match Goals in their last 6 league matches;Home vs AZ Alkmaar;1.44;28/09/2025 07:15;0.0;0,484236633;FALSO
Eredivisie;NEC Nijmegen have had Over 2.5 Match Goals in their last 6 league matches;Home vs AZ Alkmaar;1.44;28/09/2025 07:15;0.0;0,484236633;FALSO
Eredivisie;NEC Nijmegen have had Over 2.5 Match Goals in their last 6 league matches;Home vs AZ Alkmaar;1.44;28/09/2025 07:15;0.0;0,484236633;FALSO
US MLS;Chicago Fire have had Over 2.5 Match Goals in their last 6 league matches;Home vs Columbus Crew;1.44;27/09/2025 21:30;0.0;0,484236633;FALSO
US MLS;Chicago Fire have had Over 2.5 Match Goals in their last 6 league matches;Home vs Columbus Crew;1.44;27/09/2025 21:30;0.0;0,484236633;FALSO
Fortuna Liga;Žilina have had Over 2.5 Match Goals in their last 6 league matches;Home vs Spartak Trnava;1.6;28/09/2025 14:00;0.0;0,482428064;FALSO
Fortuna Liga;Žilina have had Over 2.5 Match Goals in their last 6 league matches;Home vs Spartak Trnava;1.6;28/09/2025 14:00;0.0;0,482428064;FALSO
Meistriliiga;Harju Jalgpallikool have had Over 2.5 Match Goals in their last 8 league matches;Home vs Flora;1.5;04/10/2025 13:00;0.0;0,481274641;FALSO
Meistriliiga;Flora have had Over 2.5 Match Goals in their last 8 league matches;Away vs Harju Jalgpallikool;1.5;04/10/2025 13:00;0.0;0,481274641;FALSO
Meistriliiga;Harju Jalgpallikool have had Over 2.5 Match Goals in their last 8 league matches;Home vs Flora;1.5;04/10/2025 13:00;0.0;0,481274641;FALSO
Meistriliiga;Harju Jalgpallikool have had Over 2.5 Match Goals in their last 8 league matches;Home vs Flora;1.5;04/10/2025 13:00;0.0;0,481274641;FALSO
Meistriliiga;Flora have had Over 2.5 Match Goals in their last 8 league matches;Away vs Harju Jalgpallikool;1.5;04/10/2025 13:00;0.0;0,481274641;FALSO
Meistriliiga;Flora have had Over 2.5 Match Goals in their last 8 league matches;Away vs Harju Jalgpallikool;1.5;04/10/2025 13:00;0.0;0,481274641;FALSO
US MLS;SJ Earthquakes have had BTTS in their last 15 league matches;Away vs San Diego;1.4;27/09/2025 23:30;0.0;0,472294913;FALSO
US MLS;SJ Earthquakes have had BTTS in their last 15 league matches;Away vs San Diego;1.4;27/09/2025 23:30;0.0;0,472294913;FALSO
Super League;Yunnan Yukun have had BTTS in their last 11 league matches;Away vs Shandong Taishan;1.5;04/10/2025 08:35;0.0;0,472085317;FALSO
Super League;Yunnan Yukun have had BTTS in their last 11 league matches;Away vs Shandong Taishan;1.5;04/10/2025 08:35;0.0;0,472085317;FALSO
USL Championship;Loudoun United have had Over 2.5 Match Goals in their last 6 league matches;Home vs Tampa Bay Rowdies;1.61;28/09/2025 18:00;0.0;0,466178064;FALSO
USL Championship;Loudoun United have had Over 2.5 Match Goals in their last 6 league matches;Home vs Tampa Bay Rowdies;1.61;28/09/2025 18:00;0.0;0,466178064;FALSO
Meistriliiga;Levadia have had BTTS in their last 6 league matches;Away vs Flora;1.61;24/09/2025 13:00;0.0;0,466178064;FALSO
Meistriliiga;Levadia have had BTTS in their last 6 league matches;Away vs Flora;1.61;24/09/2025 13:00;0.0;0,466178064;FALSO
Eerste Divisie;Den Haag have Won their last 7 league matches;Home vs FC Dordrecht;1.3;17/10/2025 15:00;0.0;0,463765152;FALSO
First Division B;SK Beveren have Won their last 7 league matches;Home vs RFC Seraing;1.3;27/09/2025 15:00;0.0;0,463765152;FALSO
First Division B;SK Beveren have Won their last 7 league matches;Home vs RFC Seraing;1.3;27/09/2025 15:00;0.0;0,463765152;FALSO
Super League;Wuhan Three Towns have had Over 2.5 Match Goals in their last 7 away league matches;Away vs Shanghai Port;1.3;26/09/2025 09:00;0.0;0,463765152;FALSO
Super League;Wuhan Three Towns have had Over 2.5 Match Goals in their last 7 away league matches;Away vs Shanghai Port;1.3;26/09/2025 09:00;0.0;0,463765152;FALSO
Venezuela Primera Division;Yaracuyanos have Lost their last 7 away league matches;Away vs Estudiantes Mérida;1.33;05/10/2025 16:30;0.0;0,454991342;FALSO
Finnish Ykkosliiga;SJK Akatemia have had BTTS in their last 7 league matches;Home vs JäPS;1.33;28/09/2025 11:00;0.0;0,454991342;FALSO
Finnish Ykkosliiga;SJK Akatemia have had BTTS in their last 7 league matches;Home vs JäPS;1.33;28/09/2025 11:00;0.0;0,454991342;FALSO
Finnish Ykkosliiga;SJK Akatemia have had BTTS in their last 7 league matches;Home vs JäPS;1.33;28/09/2025 11:00;0.0;0,454991342;FALSO
Serie A;Internacional RS have had BTTS in their last 11 league matches;Home vs Botafogo FR;1.95;04/10/2025 18:30;0.0;0,453134921;FALSO
US MLS;Orlando City SC have had BTTS in their last 12 league matches;Away vs Cincinnati;1.53;28/09/2025 20:00;0.0;0,44230754;FALSO
US MLS;Orlando City SC have had BTTS in their last 12 league matches;Away vs Cincinnati;1.53;28/09/2025 20:00;0.0;0,44230754;FALSO
US MLS;Colorado Rapids have had Over 2.5 Match Goals in their last 12 league matches;Home vs Minnesota United;1.53;27/09/2025 22:30;0.0;0,44230754;FALSO
US MLS;Colorado Rapids have had Over 2.5 Match Goals in their last 12 league matches;Home vs Minnesota United;1.53;27/09/2025 22:30;0.0;0,44230754;FALSO
Finnish Veikkausliiga;KTP have had Over 2.5 Match Goals in their last 12 away league matches;Away vs Oulu;1.53;27/09/2025 11:00;0.0;0,44230754;FALSO
Finnish Veikkausliiga;KTP have had Over 2.5 Match Goals in their last 12 away league matches;Away vs Oulu;1.53;27/09/2025 11:00;0.0;0,44230754;FALSO
Iceland Besta Deildin;Afturelding have had BTTS in their last 13 league matches;Home vs KA Akureyri;;28/09/2025 13:00;0.0;0,440497294;FALSO
Iceland Besta Deildin;Afturelding have had BTTS in their last 13 league matches;Home vs KA Akureyri;;28/09/2025 13:00;0.0;0,440497294;FALSO
Super League;Meizhou Hakka have had Over 2.5 Match Goals in their last 12 home league matches;Home vs Qingdao Hainiu;;04/10/2025 08:00;0.0;0,438497294;FALSO
Super League;Meizhou Hakka have had Over 2.5 Match Goals in their last 12 home league matches;Home vs Qingdao Hainiu;;04/10/2025 08:00;0.0;0,438497294;FALSO
Super League;Meizhou Hakka have had Over 2.5 Match Goals in their last 12 home league matches;Home vs Qingdao Hainiu;;04/10/2025 08:00;0.0;0,438497294;FALSO
Super League;Meizhou Hakka have had Over 2.5 Match Goals in their last 12 home league matches;Home vs Qingdao Hainiu;;04/10/2025 08:00;0.0;0,438497294;FALSO
Norwegian 1. Division;Lillestrøm have had Over 2.5 Match Goalsin their last 8 league matches;Home vs Lyn;1.53;17/10/2025 14:00;0.0;0,43664459;FALSO
Norwegian 1. Division;Raufoss have had Over 2.5 Match Goals in their last 8 away league matches;Away vs IK Start;1.53;04/10/2025 11:00;0.0;0,43664459;FALSO
Norwegian 1. Division;Raufoss have had Over 2.5 Match Goals in their last 8 away league matches;Away vs IK Start;1.53;04/10/2025 11:00;0.0;0,43664459;FALSO
Norwegian 1. Division;Raufoss have had Over 2.5 Match Goals in their last 8 away league matches;Away vs IK Start;1.53;04/10/2025 11:00;0.0;0,43664459;FALSO
Norwegian 1. Division;Moss have had Over 2.5 Match Goals in their last 8 home league matches;Home vs Lillestrøm;1.48;29/09/2025 14:00;0.0;0,430486494;FALSO
Norwegian 1. Division;Moss have had Over 2.5 Match Goals in their last 8 home league matches;Home vs Lillestrøm;1.48;29/09/2025 14:00;0.0;0,430486494;FALSO
Norwegian 1. Division;Moss have had Over 2.5 Match Goals in their last 8 home league matches;Home vs Lillestrøm;1.48;29/09/2025 14:00;0.0;0,430486494;FALSO
Norwegian Eliteserien;Sandefjord have had Over 2.5 Match Goals in their last 8 league matches;Away vs FK Haugesund;1.48;29/09/2025 14:00;0.0;0,430486494;FALSO
Norwegian Eliteserien;Sandefjord have had Over 2.5 Match Goals in their last 8 league matches;Away vs FK Haugesund;1.48;29/09/2025 14:00;0.0;0,430486494;FALSO
Norwegian Eliteserien;Sandefjord have had Over 2.5 Match Goals in their last 8 league matches;Away vs FK Haugesund;1.48;29/09/2025 14:00;0.0;0,430486494;FALSO
Primera B Nacional;Deportivo Madryn have Won their last 7 home league matches;Home vs Arsenal de Sarandí;1.46;28/09/2025 15:30;0.0;0,427937259;FALSO
Primera B Nacional;Deportivo Madryn have Won their last 7 home league matches;Home vs Arsenal de Sarandí;1.46;28/09/2025 15:30;0.0;0,427937259;FALSO
3. Liga;Ulm have had BTTS in their last 7 league matches;Away vs Ingolstadt;1.5;04/10/2025 09:00;0.0;0,412792498;FALSO
3. Liga;Ulm have had BTTS in their last 7 league matches;Away vs Ingolstadt;1.5;04/10/2025 09:00;0.0;0,412792498;FALSO
3. Liga;Ulm have had BTTS in their last 7 league matches;Away vs Ingolstadt;1.5;04/10/2025 09:00;0.0;0,412792498;FALSO
3. Liga;Ulm have had BTTS in their last 7 league matches;Away vs Ingolstadt;1.5;04/10/2025 09:00;0.0;0,412792498;FALSO
Super League;Henan Songshan Longmen have had BTTS in their last 7 away league matches;Away vs Tianjin Jinmen Tiger;1.5;28/09/2025 08:00;0.0;0,412792498;FALSO
Super League;Henan Songshan Longmen have had BTTS in their last 7 away league matches;Away vs Tianjin Jinmen Tiger;1.5;28/09/2025 08:00;0.0;0,412792498;FALSO
US MLS;Minnesota United have had BTTS in their last 7 away league matches;Away vs Colorado Rapids;1.5;27/09/2025 22:30;0.0;0,412792498;FALSO
US MLS;Minnesota United have had BTTS in their last 7 away league matches;Away vs Colorado Rapids;1.5;27/09/2025 22:30;0.0;0,412792498;FALSO
Finnish Ykkosliiga;TPS have had Over 2.5 Match Goals in their last 7 home league matches;Home vs JIPPO;1.5;27/09/2025 09:00;0.0;0,412792498;FALSO
Finnish Ykkosliiga;TPS have had Over 2.5 Match Goals in their last 7 home league matches;Home vs JIPPO;1.5;27/09/2025 09:00;0.0;0,412792498;FALSO
La Liga;Celta have had BTTS in their last 6 league matches;Home vs Ath Madrid;1.8;05/10/2025 16:00;0.0;0,412677946;FALSO
La Liga;Celta have had BTTS in their last 6 league matches;Home vs Ath Madrid;1.8;05/10/2025 16:00;0.0;0,412677946;FALSO
Primera B Nacional;Talleres Remedios de Escalada have Lost their last 6 away league matches;Away vs Almirante Brown;1.81;05/10/2025 15:30;0.0;0,412677946;FALSO
Primera B Nacional;Talleres Remedios de Escalada have Lost their last 6 away league matches;Away vs Almirante Brown;1.81;05/10/2025 15:30;0.0;0,412677946;FALSO
Primera B Nacional;Talleres Remedios de Escalada have Lost their last 6 away league matches;Away vs Almirante Brown;1.81;05/10/2025 15:30;0.0;0,412677946;FALSO
Segunda Liga;Benfica II have had BTTS in their last 6 league matches;Home vs Penafiel;1.8;05/10/2025 14:00;0.0;0,412677946;FALSO
Premier League;Dynamo Kyiv have had Over 2.5 Match Goals in their last 6 league matches;Home vs Metalist 1925 Kharkiv;1.8;05/10/2025 09:30;0.0;0,412677946;FALSO
Premier League;Dynamo Kyiv have had BTTS in their last 6 league matches;Home vs Metalist 1925 Kharkiv;1.8;05/10/2025 09:30;0.0;0,412677946;FALSO
Premier League;Dynamo Kyiv have had BTTS in their last 6 league matches;Home vs Metalist 1925 Kharkiv;1.8;05/10/2025 09:30;0.0;0,412677946;FALSO
Premier League;Dynamo Kyiv have had Over 2.5 Match Goals in their last 6 league matches;Home vs Metalist 1925 Kharkiv;1.8;05/10/2025 09:30;0.0;0,412677946;FALSO
Swedish Superettan;Utsikten have had Over 2.5 Match Goals in their last 6 league matches;Away vs Oddevold;1.8;05/10/2025 08:00;0.0;0,412677946;FALSO
Premier League;HFX Wanderers have had Over 2.5 Match Goals in their last 6 home league matches;Home vs York9;1.8;04/10/2025 15:00;0.0;0,412677946;FALSO
Scottish League 1;Peterhead have had Over 2.5 Match Goals in their last 6 league matches;Away vs Kelty Hearts;1.8;04/10/2025 11:00;0.0;0,412677946;FALSO
Scottish Championship;Ross County have had BTTS in their last 6 league matches;Home vs Raith R vs;1.8;04/10/2025 11:00;0.0;0,412677946;FALSO
Scottish Championship;Ross County have had BTTS in their last 6 league matches;Home vs Raith R vs;1.8;04/10/2025 11:00;0.0;0,412677946;FALSO
Primera Division;Nacional have had Over 2.5 Match Goals in their last 6 league matches;Away vs Juventud;1.8;28/09/2025 16:00;0.0;0,412677946;FALSO
Primera Division;Nacional have had Over 2.5 Match Goals in their last 6 league matches;Away vs Juventud;1.8;28/09/2025 16:00;0.0;0,412677946;FALSO
Primera Division;Nacional have had Over 2.5 Match Goals in their last 6 league matches;Away vs Juventud;1.8;28/09/2025 16:00;0.0;0,412677946;FALSO
Swedish Superettan;Varbergs BoIS have had BTTS in their last 6 league matches;Home vs Oddevold;1.8;28/09/2025 08:00;0.0;0,412677946;FALSO
Swedish Superettan;Varbergs BoIS have had BTTS in their last 6 league matches;Home vs Oddevold;1.8;28/09/2025 08:00;0.0;0,412677946;FALSO
Superliga;FC København have had BTTS in their last 6 league matches;Away vs Sønderjyske Fodbold;1.8;27/09/2025 13:00;0.0;0,412677946;FALSO
Superliga;FC København have had BTTS in their last 6 league matches;Away vs Sønderjyske Fodbold;1.8;27/09/2025 13:00;0.0;0,412677946;FALSO
Czech Liga;Karviná have had Over 2.5 Match Goals in their last 6 league matches;Away vs Slovácko;1.8;27/09/2025 10:00;0.0;0,412677946;FALSO
Czech Liga;Karviná have had Over 2.5 Match Goals in their last 6 league matches;Away vs Slovácko;1.8;27/09/2025 10:00;0.0;0,412677946;FALSO
Liga 1;Csikszereda have had BTTS in their last 6 league matches;Away vs UTA Arad;1.8;27/09/2025 09:00;0.0;0,412677946;FALSO
Liga 1;Csikszereda have had BTTS in their last 6 league matches;Away vs UTA Arad;1.8;27/09/2025 09:00;0.0;0,412677946;FALSO
National League;Wealdstone have had Over 2.5 Match Goals in their last 6 league matches;Away vs Tamworth;1.8;24/09/2025 15:45;0.0;0,412677946;FALSO
National League;Wealdstone have had Over 2.5 Match Goals in their last 6 league matches;Away vs Tamworth;1.8;24/09/2025 15:45;0.0;0,412677946;FALSO
US MLS;Orlando City SC have had BTTS in their last 13 league matches;Home vs Columbus Crew;1.44;04/10/2025 20:30;0.0;0,396904762;FALSO
Iceland Besta Deildin;Afturelding have had BTTS in their last 13 league matches;Home vs KA Akureyri;1.44;28/09/2025 13:00;0.0;0,396904762;FALSO
Superliga;AGF Aarhus have Won their last 7 league matches;Home vs Silkeborg IF;1.49;05/10/2025 11:00;0.0;0,389382557;FALSO
Primera Division;Peñarol have Won their last 10 home league matches;Home vs Danubio;1.45;05/10/2025 18:00;0.0;0,384241071;FALSO
Iceland Besta Deildin;Víkingur Reykjavík have had Over 2.5 Match Goals in their last 11 home league matches;Home vs FH;1.44;05/10/2025 16:15;0.0;0,378369048;FALSO
Super League;Yunnan Yukun have had BTTS in their last 11 league matches;Away vs Shandong Taishan;1.44;04/10/2025 08:35;0.0;0,378369048;FALSO
Super League;Yunnan Yukun have had BTTS in their last 11 league matches;Away vs Shandong Taishan;1.44;04/10/2025 08:35;0.0;0,378369048;FALSO
US MLS;Sporting KC have had Over 2.5 Match Goals in their last 8 away league matches;Away vs Minnesota United;1.44;04/10/2025 21:30;0.0;0,377863388;FALSO
Norwegian 1. Division;Kongsvinger have had BTTS in their last 8 league matches;Away vs Sogndal;1.44;28/09/2025 09:30;0.0;0,377863388;FALSO
Norwegian 1. Division;Kongsvinger have had BTTS in their last 8 league matches;Away vs Sogndal;1.44;28/09/2025 09:30;0.0;0,377863388;FALSO
Norwegian 1. Division;Kongsvinger have had BTTS in their last 8 league matches;Away vs Sogndal;1.44;28/09/2025 09:30;0.0;0,377863388;FALSO
US MLS;Colorado Rapids have had Over 2.5 Match Goals in their last 9 away league matches;Away vs Real Salt Lake;1.53;04/10/2025 22:30;0.0;0,37735119;FALSO
Norwegian 1. Division;Lyn have Won their last 7 away league matches;Away vs Lillestrøm;7.0;17/10/2025 14:00;0.0;0,373017857;FALSO
US MLS;Toronto have Drew their last 7 league matches;Away vs Chicago Fire;4.33;04/10/2025 21:30;0.0;0,373017857;FALSO
Eredivisie;NEC Nijmegen have had Over 2.5 Match Goals in their last 7 league matches;Away vs Go Ahead Eagles;1.44;05/10/2025 15:00;0.0;0,36523091;FALSO
Eredivisie;NEC Nijmegen have had Over 2.5 Match Goals in their last 7 league matches;Away vs Go Ahead Eagles;1.44;05/10/2025 15:00;0.0;0,36523091;FALSO
Eredivisie;NEC Nijmegen have had Over 2.5 Match Goals in their last 7 league matches;Away vs Go Ahead Eagles;1.44;05/10/2025 15:00;0.0;0,36523091;FALSO
US MLS;Orlando City SC have had BTTS in their last 7 home league matches;Home vs Columbus Crew;1.44;04/10/2025 20:30;0.0;0,36523091;FALSO
Norwegian 1. Division;Sogndal have had BTTS in their last 7 home league matches;Home vs Kongsvinger;1.44;28/09/2025 09:30;0.0;0,36523091;FALSO
Norwegian 1. Division;Kongsvinger have had BTTS in their last 7 away league matches;Away vs Sogndal;1.44;28/09/2025 09:30;0.0;0,36523091;FALSO
Norwegian 1. Division;Sogndal have had BTTS in their last 7 home league matches;Home vs Kongsvinger;1.44;28/09/2025 09:30;0.0;0,36523091;FALSO
Norwegian 1. Division;Kongsvinger have had BTTS in their last 7 away league matches;Away vs Sogndal;1.44;28/09/2025 09:30;0.0;0,36523091;FALSO
Norwegian 1. Division;Sogndal have had BTTS in their last 7 home league matches;Home vs Kongsvinger;1.44;28/09/2025 09:30;0.0;0,36523091;FALSO
Norwegian 1. Division;Kongsvinger have had BTTS in their last 7 away league matches;Away vs Sogndal;1.44;28/09/2025 09:30;0.0;0,36523091;FALSO
Meistriliiga;Harju Jalgpallikool have had Over 2.5 Match Goals in their last 7 league matches;Home vs Vaprus;1.44;27/09/2025 08:30;0.0;0,36523091;FALSO
Meistriliiga;Harju Jalgpallikool have had Over 2.5 Match Goals in their last 7 league matches;Home vs Vaprus;1.44;27/09/2025 08:30;0.0;0,36523091;FALSO
Segunda Liga;Portimonense SAD have had BTTS in their last 6 league matches;Home vs União de Leiria;1.73;04/10/2025 11:30;0.0;0,352876596;FALSO
Scottish League 1;East Fife have had BTTS in their last 6 league matches;Home vs Cove Rangers;1.73;04/10/2025 11:00;0.0;0,352876596;FALSO
Scottish League 1;East Fife have had BTTS in their last 6 league matches;Home vs Cove Rangers;1.73;04/10/2025 11:00;0.0;0,352876596;FALSO
Scottish League 1;Peterhead have had Over 2.5 Match Goals in their last 6 league matches;Away vs Kelty Hearts;1.73;04/10/2025 11:00;0.0;0,352876596;FALSO
Scottish League 1;Peterhead have had Over 2.5 Match Goals in their last 6 league matches;Away vs Kelty Hearts;1.73;04/10/2025 11:00;0.0;0,352876596;FALSO
Scottish League 1;East Fife have had BTTS in their last 6 league matches;Home vs Cove Rangers;1.73;04/10/2025 11:00;0.0;0,352876596;FALSO
Scottish League 1;East Fife have had BTTS in their last 6 league matches;Home vs Cove Rangers;1.73;04/10/2025 11:00;0.0;0,352876596;FALSO
K League 1;Suwon have had Over 2.5 Match Goals in their last 6 away league matches;Away vs Jeju United;1.73;28/09/2025 04:30;0.0;0,352876596;FALSO
K League 1;Suwon have had Over 2.5 Match Goals in their last 6 away league matches;Away vs Jeju United;1.73;28/09/2025 04:30;0.0;0,352876596;FALSO
Swiss Super League;Grasshopper have had BTTS in their last 7 league matches;Home vs Zürich;1.53;04/10/2025 15:30;0.0;0,3489184;FALSO
Fortuna Liga;Žilina have had Over 2.5 Match Goals in their last 7 league matches;Home vs FK Košice;1.53;04/10/2025 15:30;0.0;0,3489184;FALSO
Swiss Super League;Grasshopper have had BTTS in their last 7 league matches;Home vs Zürich;1.53;04/10/2025 15:30;0.0;0,3489184;FALSO
Swiss Super League;Grasshopper have had BTTS in their last 7 league matches;Home vs Zürich;1.53;04/10/2025 15:30;0.0;0,3489184;FALSO
National League;Morecambe have had Over 2.5 Match Goals in their last 7 league matches;Away vs Tamworth;1.53;04/10/2025 11:00;0.0;0,3489184;FALSO
Tweede Divisie;HHC have Won their last 7 league matches;Home vs Jong Sparta;1.53;04/10/2025 09:30;0.0;0,3489184;FALSO
Tweede Divisie;HHC have Won their last 7 league matches;Home vs Jong Sparta;1.53;04/10/2025 09:30;0.0;0,3489184;FALSO
3. Liga;Verl have had BTTS in their last 7 league matches;Away vs Regensburg;1.53;28/09/2025 08:30;0.0;0,3489184;FALSO
3. Liga;Verl have had BTTS in their last 7 league matches;Away vs Regensburg;1.53;28/09/2025 08:30;0.0;0,3489184;FALSO
3. Liga;Verl have had BTTS in their last 7 league matches;Away vs Regensburg;1.53;28/09/2025 08:30;0.0;0,3489184;FALSO
La Liga;Celta have had BTTS in their last 6 league matches;Home vs Ath Madrid;1.75;05/10/2025 16:00;0.0;0,345376596;FALSO
Norwegian Eliteserien;Strømsgodset IF have had Over 2.5 Match Goals in their last 6 league matches;Home vs KFUM;1.95;05/10/2025 12:00;0.0;0,339076722;FALSO
Serie A;Internacional RS have had BTTS in their last 6 home league matches;Home vs Botafogo FR;1.95;04/10/2025 18:30;0.0;0,339076722;FALSO
Northern Ireland Premiership;Portadown have had Over 2.5 Match Goals in their last 6 league matches;Home vs Glenavon;1.95;04/10/2025 13:30;0.0;0,339076722;FALSO
Liga de Expansión MX;Morelia have had Over 2.5 Match Goals in their last 6 league matches;Home vs Atlante;1.95;27/09/2025 22:00;0.0;0,339076722;FALSO
Liga de Expansión MX;Morelia have had Over 2.5 Match Goals in their last 6 league matches;Home vs Atlante;1.95;27/09/2025 22:00;0.0;0,339076722;FALSO
First Division B;SK Beveren have Won their last 6 league matches;Away vs RFC Liège;1.95;24/09/2025 15:00;0.0;0,339076722;FALSO
First Division B;SK Beveren have Won their last 6 league matches;Away vs RFC Liège;1.95;24/09/2025 15:00;0.0;0,339076722;FALSO
National League;Wealdstone have had BTTS in their last 6 league matches;Away vs Tamworth;1.7;24/09/2025 15:45;0.0;0,332781358;FALSO
National League;Wealdstone have had BTTS in their last 6 league matches;Away vs Tamworth;1.7;24/09/2025 15:45;0.0;0,332781358;FALSO
Premier League;York 9 have had Over 2.5 Match Goals in their last 6 home league matches;Home vs Valour;1.72;28/09/2025 16:00;0.0;0,326531358;FALSO
Premier League;York 9 have had Over 2.5 Match Goals in their last 6 home league matches;Home vs Valour;1.72;28/09/2025 16:00;0.0;0,326531358;FALSO
J League;Cerezo Osaka have had BTTS in their last 6 league matches;Away vs Nagoya Grampus;1.62;04/10/2025 01:30;0.0;0,310359341;FALSO
J League;Cerezo Osaka have had BTTS in their last 6 league matches;Away vs Nagoya Grampus;1.62;04/10/2025 01:30;0.0;0,310359341;FALSO
J League;Cerezo Osaka have had BTTS in their last 6 league matches;Away vs Nagoya Grampus;1.62;04/10/2025 01:30;0.0;0,310359341;FALSO
J League;Cerezo Osaka have had BTTS in their last 6 league matches;Away vs Nagoya Grampus;1.62;04/10/2025 01:30;0.0;0,310359341;FALSO
Superliga;Odense BK have had BTTS in their last 6 league matches;Away vs Brøndby IF;1.62;28/09/2025 15:00;0.0;0,310359341;FALSO
Superliga;Odense BK have had BTTS in their last 6 league matches;Away vs Brøndby IF;1.62;28/09/2025 15:00;0.0;0,310359341;FALSO
Segunda Division;Santander have had BTTS in their last 6 league matches;Home vs FC Andorra;1.62;27/09/2025 13:30;0.0;0,310359341;FALSO
Segunda Division;Santander have had Over 2.5 Match Goals in their last 6 league matches;Home vs FC Andorra;1.62;27/09/2025 13:30;0.0;0,310359341;FALSO
Segunda Division;Santander have had BTTS in their last 6 league matches;Home vs FC Andorra;1.62;27/09/2025 13:30;0.0;0,310359341;FALSO
Segunda Division;Santander have had Over 2.5 Match Goals in their last 6 league matches;Home vs FC Andorra;1.62;27/09/2025 13:30;0.0;0,310359341;FALSO
Norwegian Eliteserien;Sandefjord have had Over 2.5 Match Goals in their last 9 league matches;Home vs Bryne;1.67;04/10/2025 11:00;0.0;0,309646062;FALSO
Norwegian Eliteserien;Sandefjord have had Over 2.5 Match Goals in their last 9 league matches;Home vs Bryne;1.67;04/10/2025 11:00;0.0;0,309646062;FALSO
Norwegian Eliteserien;Sandefjord have had Over 2.5 Match Goals in their last 9 league matches;Home vs Bryne;1.67;04/10/2025 11:00;0.0;0,309646062;FALSO
Iceland Besta Deildin;Valur have had BTTS in their last 9 league matches;Away vs Fram;1.44;28/09/2025 16:15;0.0;0,304741071;FALSO
Segunda Division;Santander have had Over 2.5 Match Goals in their last 7 league matches;Home vs Malaga;1.85;05/10/2025 13:30;0.0;0,304615896;FALSO
Segunda Division;Santander have had Over 2.5 Match Goals in their last 7 league matches;Home vs Malaga;1.85;05/10/2025 13:30;0.0;0,304615896;FALSO
Segunda Division;Santander have had Over 2.5 Match Goals in their last 7 league matches;Home vs Malaga;1.85;05/10/2025 13:30;0.0;0,304615896;FALSO
1. HNL;Slaven Koprivnica have had Over 2.5 Match Goals in their last 7 league matches;Home vs Osijek;1.85;04/10/2025 13:00;0.0;0,304615896;FALSO
Finnish Veikkausliiga;KTP have Lost their last 7 league matches;Away vs Oulu;1.85;27/09/2025 11:00;0.0;0,304615896;FALSO
Finnish Veikkausliiga;KTP have Lost their last 7 league matches;Away vs Oulu;1.85;27/09/2025 11:00;0.0;0,304615896;FALSO
Ekstraklasa;Zaglebie Lubin have had Over 2.5 Match Goals in their last 6 league matches;Away vs Radomiak Radom;1.85;04/10/2025 12:30;0.0;0,303739164;FALSO
Scottish League 2;Edinburgh City have had BTTS in their last 8 league matches;Away vs Spartans;1.67;04/10/2025 11:00;0.0;0,298850176;FALSO
Scottish League 2;Edinburgh City have had BTTS in their last 8 league matches;Away vs Spartans;1.67;04/10/2025 11:00;0.0;0,298850176;FALSO
Finnish Ykkosliiga;SJK Akatemia have had BTTS in their last 8 league matches;Away vs FC Lahti;1.66;03/10/2025 12:30;0.0;0,293850176;FALSO
Finnish Ykkosliiga;SJK Akatemia have had BTTS in their last 8 league matches;Away vs FC Lahti;1.66;03/10/2025 12:30;0.0;0,293850176;FALSO
Finnish Ykkosliiga;SJK Akatemia have had BTTS in their last 8 league matches;Away vs FC Lahti;1.66;03/10/2025 12:30;0.0;0,293850176;FALSO
Finnish Ykkosliiga;SJK Akatemia have had BTTS in their last 8 league matches;Away vs FC Lahti;1.66;03/10/2025 12:30;0.0;0,293850176;FALSO
J League;Albirex Niigata have Lost their last 8 away league matches;Away vs Gamba Osaka;1.66;27/09/2025 05:00;0.0;0,293850176;FALSO
J League;Albirex Niigata have Lost their last 8 away league matches;Away vs Gamba Osaka;1.66;27/09/2025 05:00;0.0;0,293850176;FALSO
Segunda Division;Santander have had Over 2.5 Match Goals in their last 8 league matches;Away vs Sp Gijon;1.7;12/10/2025 11:15;0.0;0,28843351;FALSO
Czech Liga;Pardubice have had BTTS in their last 8 league matches;Away vs Teplice;1.7;28/09/2025 08:00;0.0;0,28843351;FALSO
Czech Liga;Pardubice have had BTTS in their last 8 league matches;Away vs Teplice;1.7;28/09/2025 08:00;0.0;0,28843351;FALSO
National League;Morecambe have had Over 2.5 Match Goals in their last 7 league matches;Away vs Tamworth;1.6;04/10/2025 11:00;0.0;0,286733876;FALSO
National League;Morecambe have had Over 2.5 Match Goals in their last 7 league matches;Away vs Tamworth;1.6;04/10/2025 11:00;0.0;0,286733876;FALSO
Scottish League 2;Edinburgh City have had Over 2.5 Match Goals in their last 7 league matches;Home vs Forfar;1.6;27/09/2025 11:00;0.0;0,286733876;FALSO
Scottish League 2;Edinburgh City have had Over 2.5 Match Goals in their last 7 league matches;Home vs Forfar;1.6;27/09/2025 11:00;0.0;0,286733876;FALSO
Meistriliiga;Levadia have had BTTS in their last 8 league matches;Home vs Tammeka;2.37;05/10/2025 08:30;0.0;0,286502801;FALSO
Meistriliiga;Levadia have had BTTS in their last 8 league matches;Home vs Tammeka;2.37;05/10/2025 08:30;0.0;0,286502801;FALSO
Northern Ireland Premiership;Glenavon have Lost their last 8 league matches;Home vs Crusaders;2.37;27/09/2025 11:00;0.0;0,286502801;FALSO
Northern Ireland Premiership;Glenavon have Lost their last 8 league matches;Home vs Crusaders;2.37;27/09/2025 11:00;0.0;0,286502801;FALSO
Finnish Ykkosliiga;SJK Akatemia have had BTTS in their last 9 away league matches;Away vs FC Lahti;1.66;03/10/2025 12:30;0.0;0,284854396;FALSO
Finnish Ykkosliiga;SJK Akatemia have had BTTS in their last 9 away league matches;Away vs FC Lahti;1.66;03/10/2025 12:30;0.0;0,284854396;FALSO
Finnish Ykkosliiga;SJK Akatemia have had BTTS in their last 9 away league matches;Away vs FC Lahti;1.66;03/10/2025 12:30;0.0;0,284854396;FALSO
Finnish Ykkosliiga;SJK Akatemia have had BTTS in their last 9 away league matches;Away vs FC Lahti;1.66;03/10/2025 12:30;0.0;0,284854396;FALSO
Northern Ireland Premiership;Glenavon have Lost their last 9 league matches;Away vs Portadown;1.9;04/10/2025 13:30;0.0;0,27817542;FALSO
Norwegian 1. Division;Sogndal have had BTTS in their last 10 league matches;Home vs Kongsvinger;1.44;28/09/2025 09:30;0.0;0,277491071;FALSO
Norwegian 1. Division;Sogndal have had BTTS in their last 10 league matches;Home vs Kongsvinger;1.44;28/09/2025 09:30;0.0;0,277491071;FALSO
Norwegian 1. Division;Sogndal have had BTTS in their last 10 league matches;Home vs Kongsvinger;1.44;28/09/2025 09:30;0.0;0,277491071;FALSO
US MLS;St. Louis City have had BTTS in their last 10 home league matches;Home vs Los Angeles FC;1.44;27/09/2025 21:30;0.0;0,277491071;FALSO
US MLS;St. Louis City have had BTTS in their last 10 home league matches;Home vs Los Angeles FC;1.44;27/09/2025 21:30;0.0;0,277491071;FALSO
League One;Shenzhen Juniors have had Over 2.5 Match Goals in their last 8 league matches;Home vs Dalian Huayi;1.95;27/09/2025 08:30;0.0;0,276383754;FALSO
League One;Shenzhen Juniors have had Over 2.5 Match Goals in their last 8 league matches;Home vs Dalian Huayi;1.95;27/09/2025 08:30;0.0;0,276383754;FALSO
Super Liga;Čukarički have had BTTS in their last 8 league matches;Home vs Javor Ivanjica;2.0;05/10/2025 10:30;0.0;0,273967087;FALSO
Norwegian 1. Division;Hødd have had BTTS in their last 8 away league matches;Away vs Lillestrøm;2.0;04/10/2025 11:00;0.0;0,273967087;FALSO
Norwegian 1. Division;Hødd have had BTTS in their last 8 away league matches;Away vs Lillestrøm;2.0;04/10/2025 11:00;0.0;0,273967087;FALSO
K League 1;Suwon have had BTTS in their last 8 away league matches;Away vs Jeju United;1.62;28/09/2025 04:30;0.0;0,273662447;FALSO
K League 1;Suwon have had BTTS in their last 8 away league matches;Away vs Jeju United;1.62;28/09/2025 04:30;0.0;0,273662447;FALSO
Meistriliiga;Levadia have had BTTS in their last 8 league matches;Home vs Tammeka;2.2;05/10/2025 08:30;0.0;0,272306373;FALSO
First Division B;SK Beveren have Won their last 8 league matches;Away vs Kortrijk;2.55;05/10/2025 11:00;0.0;0,27007423;FALSO
USL Championship;Birmingham Legion have had BTTS in their last 9 away league matches;Away vs San Antonio;1.72;27/09/2025 21:30;0.0;0,269646062;FALSO
USL Championship;Birmingham Legion have had BTTS in their last 9 away league matches;Away vs San Antonio;1.72;27/09/2025 21:30;0.0;0,269646062;FALSO
USL Championship;Loudoun United have had Over 2.5 Match Goals in their last 7 league matches;Home vs Birmingham Legion;1.61;04/10/2025 18:00;0.0;0,268995781;FALSO
USL Championship;Loudoun United have had BTTS in their last 7 league matches;Home vs Birmingham Legion;1.61;04/10/2025 18:00;0.0;0,268995781;FALSO
Turkish Super Lig;Galatasaray have Won their last 7 league matches;Home vs Besiktas;1.61;04/10/2025 14:00;0.0;0,268995781;FALSO
Turkish Super Lig;Galatasaray have Won their last 7 league matches;Home vs Besiktas;1.61;04/10/2025 14:00;0.0;0,268995781;FALSO
Serie A;Internacional RS have had BTTS in their last 9 league matches;Away vs Juventude;1.95;27/09/2025 18:30;0.0;0,26817542;FALSO
Serie A;Internacional RS have had BTTS in their last 9 league matches;Away vs Juventude;1.95;27/09/2025 18:30;0.0;0,26817542;FALSO
First Division B;SK Beveren have Won their last 8 league matches;Away vs Kortrijk;2.7;05/10/2025 11:00;0.0;0,267309524;FALSO
First Division B;SK Beveren have Won their last 8 league matches;Away vs Kortrijk;2.7;05/10/2025 11:00;0.0;0,267309524;FALSO
Colombia Primera A;Independiente Medellín have had BTTS in their last 7 league matches;Away vs Once Caldas;1.83;13/10/2025 19:15;0.0;0,26469501;FALSO
J League 2;Sagan Tosu have had BTTS in their last 6 league matches;Away vs Renofa Yamaguchi;1.91;05/10/2025 02:00;0.0;0,263643926;FALSO
J League 2;Sagan Tosu have had BTTS in their last 6 league matches;Away vs Renofa Yamaguchi;1.91;05/10/2025 02:00;0.0;0,263643926;FALSO
Serie A;Bragantino have had BTTS in their last 6 league matches;Home vs Grêmio;1.91;04/10/2025 18:30;0.0;0,263643926;FALSO
Serie A;Bragantino have had BTTS in their last 6 home league matches;Home vs Grêmio;1.91;04/10/2025 18:30;0.0;0,263643926;FALSO
First Division B;SK Beveren have Won their last 9 league matches;Away vs K. Beerschot V.A.;2.63;17/10/2025 15:00;0.0;0,263267857;FALSO
League One;Chongqing Tongliang Long have had Over 2.5 Match Goals in their last 6 away league matches;Away vs Guangxi Baoyun;1.9;05/10/2025 08:30;0.0;0,260786783;FALSO
League One;Chongqing Tongliang Long have had Over 2.5 Match Goals in their last 6 away league matches;Away vs Guangxi Baoyun;1.9;05/10/2025 08:30;0.0;0,260786783;FALSO
League One;Chongqing Tongliang Long have had Over 2.5 Match Goals in their last 6 away league matches;Away vs Guangxi Baoyun;1.9;05/10/2025 08:30;0.0;0,260786783;FALSO
Ekstraklasa;Zaglebie Lubin have had Over 2.5 Match Goals in their last 6 league matches;Away vs Radomiak Radom;1.9;04/10/2025 12:30;0.0;0,260786783;FALSO
Ekstraklasa;Zaglebie Lubin have had Over 2.5 Match Goals in their last 6 league matches;Away vs Radomiak Radom;1.9;04/10/2025 12:30;0.0;0,260786783;FALSO
Northern Ireland Premiership;Larne have Won their last 6 league matches;Away vs Dungannon Swifts;1.9;04/10/2025 11:00;0.0;0,260786783;FALSO
Northern Ireland Premiership;Larne have Won their last 6 league matches;Away vs Dungannon Swifts;1.9;04/10/2025 11:00;0.0;0,260786783;FALSO
K League 1;Seoul have had Over 2.5 Match Goals in their last 6 league matches;Home vs Jeonbuk Motors;1.9;27/09/2025 07:00;0.0;0,260786783;FALSO
K League 1;Seoul have had Over 2.5 Match Goals in their last 6 league matches;Home vs Jeonbuk Motors;1.9;27/09/2025 07:00;0.0;0,260786783;FALSO
Portugese Liga NOS;Porto have Won their last 7 league matches;Home vs Benfica;1.86;05/10/2025 17:15;0.0;0,26044923;FALSO
Portugese Liga NOS;Porto have Won their last 7 league matches;Home vs Benfica;1.86;05/10/2025 17:15;0.0;0,26044923;FALSO
Portugese Liga NOS;Porto have Won their last 7 league matches;Home vs Benfica;1.86;05/10/2025 17:15;0.0;0,26044923;FALSO
K League 2;Jeonnam Dragons have had BTTS in their last 6 league matches;Home vs Ansan Greeners;1.83;12/10/2025 02:00;0.0;0,257327893;FALSO
Scottish Championship;Ross County have had BTTS in their last 6 league matches;Home vs Raith R vs;1.83;04/10/2025 11:00;0.0;0,257327893;FALSO
Liga 1;CFR Cluj have had BTTS in their last 6 league matches;Away vs Universitatea Cluj;1.83;29/09/2025 15:00;0.0;0,257327893;FALSO
Liga 1;CFR Cluj have had BTTS in their last 6 league matches;Away vs Universitatea Cluj;1.83;29/09/2025 15:00;0.0;0,257327893;FALSO
Liga 1;CFR Cluj have had BTTS in their last 6 league matches;Away vs Universitatea Cluj;1.83;29/09/2025 15:00;0.0;0,257327893;FALSO
Paraguay Division Profesional;Cerro Porteño have had BTTS in their last 6 away league matches;Away vs Sportivo Luqueño;1.83;27/09/2025 17:00;0.0;0,257327893;FALSO
Paraguay Division Profesional;Cerro Porteño have had BTTS in their last 6 away league matches;Away vs Sportivo Luqueño;1.83;27/09/2025 17:00;0.0;0,257327893;FALSO
1. Lig;Hatayspor have had BTTS in their last 6 league matches;Away vs Iğdır FK;1.83;23/09/2025 14:00;0.0;0,257327893;FALSO
Norwegian 1. Division;Mjøndalen IF have had Over 2.5 Match Goals in their last 6 away league matches;Away vs Åsane;1.65;04/10/2025 11:00;0.0;0,255561722;FALSO
Meistriliiga;Levadia have had Over 2.5 Match Goals in their last 6 league matches;Away vs Flora;1.65;24/09/2025 13:00;0.0;0,255561722;FALSO
Meistriliiga;Flora have had Over 2.5 Match Goals in their last 6 league matches;Home vs Levadia;1.65;24/09/2025 13:00;0.0;0,255561722;FALSO
Meistriliiga;Flora have had Over 2.5 Match Goals in their last 6 league matches;Home vs Levadia;1.65;24/09/2025 13:00;0.0;0,255561722;FALSO
Meistriliiga;Levadia have had Over 2.5 Match Goals in their last 6 league matches;Away vs Flora;1.65;24/09/2025 13:00;0.0;0,255561722;FALSO
Liga 1;CFR Cluj have had BTTS in their last 7 league matches;Home vs Hermannstadt;2.0;05/10/2025 09:00;0.0;0,24832423;FALSO
Liga 1;CFR Cluj have had BTTS in their last 7 league matches;Home vs Hermannstadt;2.0;05/10/2025 09:00;0.0;0,24832423;FALSO
Liga 1;CFR Cluj have had BTTS in their last 7 league matches;Home vs Hermannstadt;2.0;05/10/2025 09:00;0.0;0,24832423;FALSO
J League;Shonan Bellmare have had BTTS in their last 7 home league matches;Home vs Tokyo Verdy;2.0;03/10/2025 07:00;0.0;0,24832423;FALSO
J League;Shonan Bellmare have had BTTS in their last 7 home league matches;Home vs Tokyo Verdy;2.0;03/10/2025 07:00;0.0;0,24832423;FALSO
J League;Shonan Bellmare have Lost their last 7 away league matches;Away vs Yokohama;2.01;28/09/2025 05:00;0.0;0,24832423;FALSO
J League;Shonan Bellmare have Lost their last 7 away league matches;Away vs Yokohama;2.01;28/09/2025 05:00;0.0;0,24832423;FALSO
J League;Shonan Bellmare have Lost their last 7 away league matches;Away vs Yokohama;2.01;28/09/2025 05:00;0.0;0,24832423;FALSO
Serie A;Internacional RS have had Over 2.5 Match Goals in their last 7 league matches;Away vs Juventude;2.25;27/09/2025 18:30;0.0;0,245246849;FALSO
Serie A;Internacional RS have had Over 2.5 Match Goals in their last 7 league matches;Away vs Juventude;2.25;27/09/2025 18:30;0.0;0,245246849;FALSO
Norwegian 1. Division;Kongsvinger have had BTTS in their last 9 league matches;Home vs Skeid;1.62;04/10/2025 11:00;0.0;0,239666667;FALSO
Norwegian 1. Division;Kongsvinger have had BTTS in their last 9 league matches;Home vs Skeid;1.62;04/10/2025 11:00;0.0;0,239666667;FALSO
Norwegian 1. Division;Kongsvinger have had BTTS in their last 9 league matches;Home vs Skeid;1.62;04/10/2025 11:00;0.0;0,239666667;FALSO
Norwegian 1. Division;Kongsvinger have had BTTS in their last 9 league matches;Home vs Skeid;1.62;04/10/2025 11:00;0.0;0,239666667;FALSO
Serie B;Athletico PR have Won their last 7 league matches;Away vs Atlético GO;2.65;05/10/2025 20:30;0.0;0,231142857;FALSO
Meistriliiga;Flora have Won their last 7 home league matches;Home vs Levadia;3.0;24/09/2025 13:00;0.0;0,231142857;FALSO
Meistriliiga;Flora have Won their last 7 home league matches;Home vs Levadia;3.0;24/09/2025 13:00;0.0;0,231142857;FALSO
Championship;Hull have had Over 2.5 Match Goals in their last 7 league matches;Home vs Sheffield United;1.91;04/10/2025 08:30;0.0;0,22482423;FALSO
Championship;Hull have had Over 2.5 Match Goals in their last 7 league matches;Home vs Sheffield United;1.91;04/10/2025 08:30;0.0;0,22482423;FALSO
Championship;Hull have had Over 2.5 Match Goals in their last 7 league matches;Home vs Sheffield United;1.91;04/10/2025 08:30;0.0;0,22482423;FALSO
Championship;Hull have had Over 2.5 Match Goals in their last 7 league matches;Home vs Sheffield United;1.91;04/10/2025 08:30;0.0;0,22482423;FALSO
Meistriliiga;Flora have had Over 2.5 Match Goals in their last 7 league matches;Away vs Nõmme Kalju;1.65;28/09/2025 08:30;0.0;0,221846971;FALSO
Meistriliiga;Flora have had Over 2.5 Match Goals in their last 7 league matches;Away vs Nõmme Kalju;1.65;28/09/2025 08:30;0.0;0,221846971;FALSO
USL Championship;Orange County have had BTTS in their last 6 league matches;Home vs El Paso Locomotive;1.66;04/10/2025 23:00;0.0;0,218073261;FALSO
Norwegian 1. Division;Moss have had BTTS in their last 7 league matches;Away vs Lyn;1.62;05/10/2025 12:00;0.0;0,214346971;FALSO
Norwegian 1. Division;Moss have had BTTS in their last 7 league matches;Away vs Lyn;1.62;05/10/2025 12:00;0.0;0,214346971;FALSO
Norwegian 1. Division;Moss have had BTTS in their last 7 league matches;Away vs Lyn;1.62;05/10/2025 12:00;0.0;0,214346971;FALSO
National League;Wealdstone have had BTTS in their last 7 league matches;Home vs Eastleigh;1.62;27/09/2025 11:00;0.0;0,214346971;FALSO
National League;Wealdstone have had BTTS in their last 7 league matches;Home vs Eastleigh;1.62;27/09/2025 11:00;0.0;0,214346971;FALSO
Eerste Divisie;Almere City have had Over 2.5 Match Goalsin their last 7 league matches;Home vs SC Cambuur;1.67;17/10/2025 15:00;0.0;0,213641843;FALSO
Swedish Superettan;Varbergs BoIS have had BTTS in their last 7 league matches;Away vs Landskrona;1.67;06/10/2025 14:01;0.0;0,213641843;FALSO
Czech Liga;Karviná have had BTTS in their last 7 league matches;Away vs Pardubice;1.67;04/10/2025 10:00;0.0;0,213641843;FALSO
Czech Liga;Karviná have had BTTS in their last 7 league matches;Away vs Pardubice;1.67;04/10/2025 10:00;0.0;0,213641843;FALSO
Bundesliga 2;Preußen Münster have had BTTS in their last 7 league matches;Away vs Hertha;1.67;04/10/2025 08:00;0.0;0,213641843;FALSO
Bundesliga 2;Preußen Münster have had BTTS in their last 7 league matches;Away vs Hertha;1.67;04/10/2025 08:00;0.0;0,213641843;FALSO
1. Lig;Hatayspor have had BTTS in their last 7 league matches;Home vs Bandırmaspor;1.67;28/09/2025 13:00;0.0;0,213641843;FALSO
1. Lig;Hatayspor have had BTTS in their last 7 league matches;Home vs Bandırmaspor;1.67;28/09/2025 13:00;0.0;0,213641843;FALSO
1. Lig;Hatayspor have had BTTS in their last 7 league matches;Home vs Bandırmaspor;1.67;28/09/2025 13:00;0.0;0,213641843;FALSO
Meistriliiga;Flora have had Over 2.5 Match Goals in their last 7 league matches;Away vs Nõmme Kalju;1.66;28/09/2025 08:30;0.0;0,213641843;FALSO
Swedish Allsvenskan;IK Sirius have had Over 2.5 Match Goals in their last 6 league matches;Home vs Malmö FF;1.67;05/10/2025 11:30;0.0;0,208073261;FALSO
Swedish Superettan;Falkenbergs FF have had Over 2.5 Match Goals in their last 6 league matches;Away vs Orebro SK;1.67;05/10/2025 10:00;0.0;0,208073261;FALSO
Primera Division;Melgar have had BTTS in their last 6 league matches;Home vs Cienciano;1.67;02/10/2025 21:30;0.0;0,208073261;FALSO
Primera Division;Melgar have had BTTS in their last 6 league matches;Home vs Cienciano;1.67;02/10/2025 21:30;0.0;0,208073261;FALSO
Norwegian 1. Division;Moss have had BTTS in their last 6 home league matches;Home vs Lillestrøm;1.67;29/09/2025 14:00;0.0;0,208073261;FALSO
Norwegian 1. Division;Moss have had BTTS in their last 6 league matches;Home vs Lillestrøm;1.67;29/09/2025 14:00;0.0;0,208073261;FALSO
Norwegian 1. Division;Moss have had BTTS in their last 6 home league matches;Home vs Lillestrøm;1.67;29/09/2025 14:00;0.0;0,208073261;FALSO
Norwegian 1. Division;Moss have had BTTS in their last 6 league matches;Home vs Lillestrøm;1.67;29/09/2025 14:00;0.0;0,208073261;FALSO
Norwegian 1. Division;Moss have had BTTS in their last 6 home league matches;Home vs Lillestrøm;1.67;29/09/2025 14:00;0.0;0,208073261;FALSO
Norwegian 1. Division;Moss have had BTTS in their last 6 league matches;Home vs Lillestrøm;1.67;29/09/2025 14:00;0.0;0,208073261;FALSO
Swiss Super League;Lausanne Sport have had BTTS in their last 6 league matches;Away vs Sion;1.67;28/09/2025 11:30;0.0;0,208073261;FALSO
Swiss Super League;Lausanne Sport have had BTTS in their last 6 league matches;Away vs Sion;1.67;28/09/2025 11:30;0.0;0,208073261;FALSO
Bundesliga;WSG Tirol have had BTTS in their last 6 league matches;Home vs FC Salzburg;1.67;28/09/2025 09:30;0.0;0,208073261;FALSO
Bundesliga;WSG Tirol have had BTTS in their last 6 league matches;Home vs FC Salzburg;1.67;28/09/2025 09:30;0.0;0,208073261;FALSO
Bundesliga;WSG Tirol have had BTTS in their last 6 league matches;Home vs FC Salzburg;1.67;28/09/2025 09:30;0.0;0,208073261;FALSO
Swiss Super League;Grasshopper have had BTTS in their last 6 league matches;Away vs FC Lugano;1.67;27/09/2025 13:00;0.0;0,208073261;FALSO
Swiss Super League;Grasshopper have had BTTS in their last 6 league matches;Away vs FC Lugano;1.67;27/09/2025 13:00;0.0;0,208073261;FALSO
Czech Liga;Karviná have had BTTS in their last 6 league matches;Away vs Slovácko;1.67;27/09/2025 10:00;0.0;0,208073261;FALSO
Czech Liga;Karviná have had BTTS in their last 6 league matches;Away vs Slovácko;1.67;27/09/2025 10:00;0.0;0,208073261;FALSO
J League;Shonan Bellmare have had BTTS in their last 6 home league matches;Home vs Kawasaki Frontale;1.67;23/09/2025 07:00;0.0;0,208073261;FALSO
1. Liga;Miedź Legnica have had Over 2.5 Match Goals in their last 7 away league matches;Away vs Górnik Łęczna;1.73;05/10/2025 12:30;0.0;0,204772795;FALSO
Scottish League 2;Dumbarton have had BTTS in their last 7 league matches;Home vs Stranraer;1.73;27/09/2025 11:00;0.0;0,204772795;FALSO
Scottish League 2;Dumbarton have had BTTS in their last 7 league matches;Home vs Stranraer;1.73;27/09/2025 11:00;0.0;0,204772795;FALSO
Superliga;FC København have had BTTS in their last 7 league matches;Home vs Midtjylland;1.7;05/10/2025 13:00;0.0;0,203225176;FALSO
Segunda Division;Santander have had BTTS in their last 7 league matches;Home vs Malaga;1.8;05/10/2025 13:30;0.0;0,196111677;FALSO
Segunda Division;Santander have had BTTS in their last 7 league matches;Home vs Malaga;1.8;05/10/2025 13:30;0.0;0,196111677;FALSO
Segunda Division;Santander have had BTTS in their last 7 league matches;Home vs Malaga;1.8;05/10/2025 13:30;0.0;0,196111677;FALSO
Bundesliga;WSG Tirol have had BTTS in their last 7 league matches;Away vs SV Ried;1.8;04/10/2025 12:00;0.0;0,196111677;FALSO
Bundesliga;WSG Tirol have had BTTS in their last 7 league matches;Away vs SV Ried;1.8;04/10/2025 12:00;0.0;0,196111677;FALSO
Bundesliga;WSG Tirol have had BTTS in their last 7 league matches;Away vs SV Ried;1.8;04/10/2025 12:00;0.0;0,196111677;FALSO
Czech Liga;Karviná have had Over 2.5 Match Goals in their last 7 league matches;Away vs Pardubice;1.8;04/10/2025 10:00;0.0;0,196111677;FALSO
Czech Liga;Karviná have had Over 2.5 Match Goals in their last 7 league matches;Away vs Pardubice;1.8;04/10/2025 10:00;0.0;0,196111677;FALSO
USL Championship;Birmingham Legion have had BTTS in their last 7 league matches;Away vs San Antonio;1.72;27/09/2025 21:30;0.0;0,194475176;FALSO
USL Championship;Birmingham Legion have had BTTS in their last 7 league matches;Away vs San Antonio;1.72;27/09/2025 21:30;0.0;0,194475176;FALSO
Finnish Ykkosliiga;FC Lahti have had BTTS in their last 7 home league matches;Home vs PK-35;1.72;27/09/2025 10:00;0.0;0,194475176;FALSO
Finnish Ykkosliiga;FC Lahti have had BTTS in their last 7 home league matches;Home vs PK-35;1.72;27/09/2025 10:00;0.0;0,194475176;FALSO
Swedish Superettan;Örgryte have Won their last 7 away league matches;Away vs Sandviken;1.75;06/10/2025 14:00;0.0;0,191975176;FALSO
Premier League;Cavalry have had Over 2.5 Match Goals in their last 7 league matches;Away vs Pacific;1.75;05/10/2025 19:00;0.0;0,191975176;FALSO
Ekstraklasa;Zaglebie Lubin have had BTTS in their last 7 league matches;Home vs Arka Gdynia;1.75;29/09/2025 13:00;0.0;0,191975176;FALSO
Ekstraklasa;Zaglebie Lubin have had BTTS in their last 7 league matches;Home vs Arka Gdynia;1.75;29/09/2025 13:00;0.0;0,191975176;FALSO
Ekstraklasa;Zaglebie Lubin have had BTTS in their last 7 league matches;Home vs Arka Gdynia;1.75;29/09/2025 13:00;0.0;0,191975176;FALSO
League One;Bradford have had BTTS in their last 7 league matches;Home vs Blackpool;1.75;27/09/2025 11:00;0.0;0,191975176;FALSO
League One;Bradford have had BTTS in their last 7 league matches;Home vs Blackpool;1.75;27/09/2025 11:00;0.0;0,191975176;FALSO
