League;Stat;Next Match;Odds;Date;Resultado;Situação;Liga_Categoria;Tipo_Estatistica;Probabilidade_Sucesso;Efetividade;Previsao;Padrao;Recomendacao;Analise_Detalhada
Eredivisie;PSV Eindhoven have had Over 2.5 Match Goals in their last 11 home league matches;PSV EINDHOVEN vs utrecht;1.33;04/04/2026 11:30;'4-3;VERDADEIRO;MEDIA_CONFIABILIDADE;OVER_2.5;0.8604429607419952;JOGO_FUTURO;VERDADEIRO;PADRAO_FORTISSIMO;EXCELENTE;PADRAO_FORTISSIMO: OVER_2.5 em 11 jogos (Odds: 1.33) Streak bonus: +16% Tipo bonus: +4% Previsão: MANTERÁ STREAK
Eredivisie;PSV Eindhoven have had Over 2.5 Match Goals in their last 13 league matches;PSV EINDHOVEN vs utrecht;1.33;04/04/2026 11:30;'4-3;VERDADEIRO;MEDIA_CONFIABILIDADE;OVER_2.5;0.7931312070543339;JOGO_FUTURO;VERDADEIRO;PADRAO_FORTISSIMO;EXCELENTE;PADRAO_FORTISSIMO: OVER_2.5 em 13 jogos (Odds: 1.33) Streak bonus: +20% Tipo bonus: +4% Previsão: MANTERÁ STREAK
Premier League;Dynamo Kyiv have Won their last 7 league matches;DYNAMO KYIV vs karpaty;1.4;04/04/2026 12:00;'0-1;FALSO;MEDIA_CONFIABILIDADE;VITORIA;0.7936353161171315;JOGO_FUTURO;VERDADEIRO;PADRAO_FORTISSIMO;EXCELENTE;PADRAO_FORTISSIMO: VITORIA em 7 jogos (Odds: 1.40) Streak bonus: +10% Tipo bonus: +8% Previsão: MANTERÁ STREAK
Swiss Super League;FC Thun have had Over 2.5 Match Goals in their last 6 league matches;FC THUN vs fc lugano;1.6;04/04/2026 13:00;'1-0;FALSO;MEDIA_CONFIABILIDADE;OVER_2.5;0.7594502166542202;JOGO_FUTURO;VERDADEIRO;PADRAO_FORTISSIMO;EXCELENTE;PADRAO_FORTISSIMO: OVER_2.5 em 6 jogos (Odds: 1.60) Streak bonus: +9% Tipo bonus: +4% Previsão: MANTERÁ STREAK
Saudi Pro League;Al Ahli have Won their last 9 home league matches;AL AHLI vs damac fc;1.22;04/04/2026 13:15;'3-0;VERDADEIRO;MEDIA_CONFIABILIDADE;VITORIA;0.95;JOGO_FUTURO;VERDADEIRO;PADRAO_FORTISSIMO;EXCELENTE;PADRAO_FORTISSIMO: VITORIA em 9 jogos (Odds: 1.22) Streak bonus: +14% Tipo bonus: +8% Previsão: MANTERÁ STREAK
Eredivisie;Fortuna Sittard have had BTTS in their last 6 away league matches;FORTUNA SITTARD vs az alkmaar;1.7;04/04/2026 13:45;;;MEDIA_CONFIABILIDADE;BTTS;0.926407300240448;JOGO_FUTURO;VERDADEIRO;PADRAO_FORTISSIMO;EXCELENTE;PADRAO_FORTISSIMO: BTTS em 6 jogos (Odds: 1.70) Streak bonus: +9% Tipo bonus: +5% Previsão: MANTERÁ STREAK
Eredivisie;Fortuna Sittard have had Over 2.5 Match Goals in their last 12 league matches;FORTUNA SITTARD vs az alkmaar;1.36;04/04/2026 13:45;;;MEDIA_CONFIABILIDADE;OVER_2.5;0.8223907564974671;JOGO_FUTURO;VERDADEIRO;PADRAO_FORTISSIMO;EXCELENTE;PADRAO_FORTISSIMO: OVER_2.5 em 12 jogos (Odds: 1.36) Streak bonus: +18% Tipo bonus: +4% Previsão: MANTERÁ STREAK
Eredivisie;Fortuna Sittard have had Over 2.5 Match Goals in their last 6 away league matches;FORTUNA SITTARD vs az alkmaar;1.36;04/04/2026 13:45;;;MEDIA_CONFIABILIDADE;OVER_2.5;0.7857169308046452;JOGO_FUTURO;VERDADEIRO;PADRAO_FORTISSIMO;EXCELENTE;PADRAO_FORTISSIMO: OVER_2.5 em 6 jogos (Odds: 1.36) Streak bonus: +9% Tipo bonus: +4% Previsão: MANTERÁ STREAK
Premier League;Krasnodar have had Over 2.5 Match Goals in their last 6 league matches;KRASNODAR vs terek grozny;;04/04/2026 13:45;'0-1;FALSO;MEDIA_CONFIABILIDADE;OVER_2.5;0.8098837346636846;JOGO_FUTURO;VERDADEIRO;PADRAO_FORTISSIMO;EXCELENTE;PADRAO_FORTISSIMO: OVER_2.5 em 6 jogos (Odds: 2.00) Streak bonus: +9% Tipo bonus: +4% Previsão: MANTERÁ STREAK
1. Liga;Wieczysta Krakow have had BTTS in their last 7 home league matches;WIECZYSTA KRAKOW vslks lodz;1.67;04/04/2026 14:30;'0-2;FALSO;MEDIA_CONFIABILIDADE;BTTS;0.7637815092260276;JOGO_FUTURO;VERDADEIRO;PADRAO_FORTISSIMO;EXCELENTE;PADRAO_FORTISSIMO: BTTS em 7 jogos (Odds: 1.67) Streak bonus: +10% Tipo bonus: +5% Previsão: MANTERÁ STREAK
Bundesliga 2;Hertha have had Over 2.5 Match Goals in their last 6 away league matches;HERTHA vs dresden;1.62;04/04/2026 15:30;'0-1;FALSO;MEDIA_CONFIABILIDADE;OVER_2.5;0.9237615283064587;JOGO_FUTURO;VERDADEIRO;PADRAO_FORTISSIMO;EXCELENTE;PADRAO_FORTISSIMO: OVER_2.5 em 6 jogos (Odds: 1.62) Streak bonus: +9% Tipo bonus: +4% Previsão: MANTERÁ STREAK
A League;Melbourne Victory have had BTTS in their last 7 league matches;MELBOURNE VICTORY vs wellington phoenix;1.62;05/04/2026 02:00;'1-2;VERDADEIRO;MEDIA_CONFIABILIDADE;VITORIA;0.7454973495133121;JOGO_FUTURO;VERDADEIRO;PADRAO_FORTE;BOA;PADRAO_FORTE: VITORIA em 7 jogos (Odds: 1.62) Streak bonus: +10% Tipo bonus: +8% Previsão: MANTERÁ STREAK
3. Liga;Ulm have had BTTS in their last 8 league matches;ULM vs verl;1.53;05/04/2026 08:30;'1-0;FALSO;MEDIA_CONFIABILIDADE;BTTS;0.8205650911870099;JOGO_FUTURO;VERDADEIRO;PADRAO_FORTISSIMO;EXCELENTE;PADRAO_FORTISSIMO: BTTS em 8 jogos (Odds: 1.53) Streak bonus: +12% Tipo bonus: +5% Previsão: MANTERÁ STREAK
Super Liga;Crvena Zvezda have Won their last 9 league matches;CRVENA ZVEZDA vs radnik surdulica;1.3;05/04/2026 12:00;'1-2;FALSO;MEDIA_CONFIABILIDADE;VITORIA;0.95;JOGO_FUTURO;VERDADEIRO;PADRAO_FORTISSIMO;EXCELENTE;PADRAO_FORTISSIMO: VITORIA em 9 jogos (Odds: 1.30) Streak bonus: +14% Tipo bonus: +8% Previsão: MANTERÁ STREAK
Nigerian Premier Football League;Enugu Rangers have Won their last 6 home league matches;ENUGU RANGERS vs barau;;05/04/2026 12:00;'0-0;FALSO;MEDIA_CONFIABILIDADE;VITORIA;0.7537103735465394;JOGO_FUTURO;VERDADEIRO;PADRAO_FORTISSIMO;EXCELENTE;PADRAO_FORTISSIMO: VITORIA em 6 jogos (Odds: 2.00) Streak bonus: +9% Tipo bonus: +8% Previsão: MANTERÁ STREAK
Superliga;FC Kobenhavn have had BTTS in their last 6 league matches;FC KOBENHAVN vs silkeborg if;1.62;05/04/2026 13:00;;;MEDIA_CONFIABILIDADE;BTTS;0.7944857671807073;JOGO_FUTURO;VERDADEIRO;PADRAO_FORTISSIMO;EXCELENTE;PADRAO_FORTISSIMO: BTTS em 6 jogos (Odds: 1.62) Streak bonus: +9% Tipo bonus: +5% Previsão: MANTERÁ STREAK
Primera Division Women;Real Madrid W have Won their last 6 away league matches;REAL MADRID W vs madrid cff w;;05/04/2026 13:00;;;MEDIA_CONFIABILIDADE;VITORIA;0.7537103735465394;JOGO_FUTURO;VERDADEIRO;PADRAO_FORTISSIMO;EXCELENTE;PADRAO_FORTISSIMO: VITORIA em 6 jogos (Odds: 2.00) Streak bonus: +9% Tipo bonus: +8% Previsão: MANTERÁ STREAK
1. Liga;Gornik Leczna have had BTTS in their last 6 away league matches;GORNIK LECZNA vs wisla krakow;1.83;06/04/2026 06:30;'3-2;VERDADEIRO;MEDIA_CONFIABILIDADE;BTTS;0.760099960501015;JOGO_FUTURO;VERDADEIRO;PADRAO_FORTISSIMO;EXCELENTE;PADRAO_FORTISSIMO: BTTS em 6 jogos (Odds: 1.83) Streak bonus: +9% Tipo bonus: +5% Previsão: MANTERÁ STREAK
National League;Rochdale have had BTTS in their last 6 league matches;ROCHDALE vs hartlepool;1.75;06/04/2026 11:00;;;MEDIA_CONFIABILIDADE;BTTS;0.8092850010996229;JOGO_FUTURO;VERDADEIRO;PADRAO_FORTISSIMO;EXCELENTE;PADRAO_FORTISSIMO: BTTS em 6 jogos (Odds: 1.75) Streak bonus: +9% Tipo bonus: +5% Previsão: MANTERÁ STREAK
Primera Division;Los Chankas have had BTTS in their last 6 league matches;LOS CHANKAS vs fc cajamarca;1.73;06/04/2026 17:00;;;MEDIA_CONFIABILIDADE;BTTS;0.7914653388252342;JOGO_FUTURO;VERDADEIRO;PADRAO_FORTISSIMO;EXCELENTE;PADRAO_FORTISSIMO: BTTS em 6 jogos (Odds: 1.73) Streak bonus: +9% Tipo bonus: +5% Previsão: MANTERÁ STREAK
